This is pdfTeX, Version 3.14159265-2.6-1.40.21 (TeX Live 2020) (preloaded format=pdflatex 2020.4.7)  9 FEB 2026 08:03
entering extended mode
 restricted \write18 enabled.
 %&-line parsing enabled.
**CV_CR_NEW.tex
(./CV_CR_NEW.tex
LaTeX2e <2020-02-02> patch level 5
L3 programming layer <2020-03-06>
! Undefined control sequence.
l.6 \section
            {\mysidestyle \textbf{\textcolor{sep}{Work \\Experience}}}
The control sequence at the end of the top line
of your error message was never \def'ed. If you have
misspelled it (e.g., `\hobx'), type `I' and the correct
spelling (e.g., `I\hbox'). Otherwise just continue,
and I'll forget about whatever was undefined.

! Undefined control sequence.
l.6 \section{\mysidestyle
                          \textbf{\textcolor{sep}{Work \\Experience}}}
The control sequence at the end of the top line
of your error message was never \def'ed. If you have
misspelled it (e.g., `\hobx'), type `I' and the correct
spelling (e.g., `I\hbox'). Otherwise just continue,
and I'll forget about whatever was undefined.


! LaTeX Error: Missing \begin{document}.

See the LaTeX manual or LaTeX Companion for explanation.
Type  H <return>  for immediate help.
 ...                                              
                                                  
l.6 ...\textbf{\textcolor{sep}{Work \\Experience}}
                                                  }
You're in trouble here.  Try typing  <return>  to proceed.
If that doesn't work, type  X <return>  to quit.

! Undefined control sequence.
<recently read> \textcolor 
                           
l.6 ...\textbf{\textcolor{sep}{Work \\Experience}}
                                                  }
The control sequence at the end of the top line
of your error message was never \def'ed. If you have
misspelled it (e.g., `\hobx'), type `I' and the correct
spelling (e.g., `I\hbox'). Otherwise just continue,
and I'll forget about whatever was undefined.


Overfull \hbox (63.68172pt too wide) in paragraph at lines 6--7
[]\OT1/cmr/bx/n/10 sepWork 
 []


Overfull \hbox (55.57613pt too wide) in paragraph at lines 6--7
\OT1/cmr/bx/n/10 Experience 
 []


! LaTeX Error: Missing \begin{document}.

See the LaTeX manual or LaTeX Companion for explanation.
Type  H <return>  for immediate help.
 ...                                              
                                                  
l.8 \textbf{Postdoctoral Research Associate}
                                             \hfill Oct 2025 -- Present \\
You're in trouble here.  Try typing  <return>  to proceed.
If that doesn't work, type  X <return>  to quit.

Missing character: There is no O in font nullfont!
Missing character: There is no c in font nullfont!
Missing character: There is no t in font nullfont!
Missing character: There is no 2 in font nullfont!
Missing character: There is no 0 in font nullfont!
Missing character: There is no 2 in font nullfont!
Missing character: There is no 5 in font nullfont!
Missing character: There is no - in font nullfont!
Missing character: There is no - in font nullfont!
Missing character: There is no P in font nullfont!
Missing character: There is no r in font nullfont!
Missing character: There is no e in font nullfont!
Missing character: There is no s in font nullfont!
Missing character: There is no e in font nullfont!
Missing character: There is no n in font nullfont!
Missing character: There is no t in font nullfont!
Missing character: There is no J in font nullfont!
Missing character: There is no a in font nullfont!
Missing character: There is no n in font nullfont!
Missing character: There is no 2 in font nullfont!
Missing character: There is no 0 in font nullfont!
Missing character: There is no 2 in font nullfont!
Missing character: There is no 1 in font nullfont!
Missing character: There is no - in font nullfont!
Missing character: There is no - in font nullfont!
Missing character: There is no S in font nullfont!
Missing character: There is no e in font nullfont!
Missing character: There is no p in font nullfont!
Missing character: There is no 2 in font nullfont!
Missing character: There is no 0 in font nullfont!
Missing character: There is no 2 in font nullfont!
Missing character: There is no 5 in font nullfont!
Missing character: There is no D in font nullfont!
Missing character: There is no e in font nullfont!
Missing character: There is no p in font nullfont!
Missing character: There is no a in font nullfont!
Missing character: There is no r in font nullfont!
Missing character: There is no t in font nullfont!
Missing character: There is no m in font nullfont!
Missing character: There is no e in font nullfont!
Missing character: There is no n in font nullfont!
Missing character: There is no t in font nullfont!
Missing character: There is no o in font nullfont!
Missing character: There is no f in font nullfont!
Missing character: There is no H in font nullfont!
Missing character: There is no y in font nullfont!
Missing character: There is no d in font nullfont!
Missing character: There is no r in font nullfont!
Missing character: There is no o in font nullfont!
Missing character: There is no l in font nullfont!
Missing character: There is no o in font nullfont!
Missing character: There is no g in font nullfont!
Missing character: There is no y in font nullfont!
Missing character: There is no a in font nullfont!
Missing character: There is no n in font nullfont!
Missing character: There is no d in font nullfont!
Missing character: There is no A in font nullfont!
Missing character: There is no t in font nullfont!
Missing character: There is no m in font nullfont!
Missing character: There is no o in font nullfont!
Missing character: There is no s in font nullfont!
Missing character: There is no p in font nullfont!
Missing character: There is no h in font nullfont!
Missing character: There is no e in font nullfont!
Missing character: There is no r in font nullfont!
Missing character: There is no i in font nullfont!
Missing character: There is no c in font nullfont!
Missing character: There is no S in font nullfont!
Missing character: There is no c in font nullfont!
Missing character: There is no i in font nullfont!
Missing character: There is no e in font nullfont!
Missing character: There is no n in font nullfont!
Missing character: There is no c in font nullfont!
Missing character: There is no e in font nullfont!
Missing character: There is no s in font nullfont!
Missing character: There is no , in font nullfont!
Missing character: There is no T in font nullfont!
Missing character: There is no h in font nullfont!
Missing character: There is no e in font nullfont!
Missing character: There is no U in font nullfont!
Missing character: There is no n in font nullfont!
Missing character: There is no i in font nullfont!
Missing character: There is no v in font nullfont!
Missing character: There is no e in font nullfont!
Missing character: There is no r in font nullfont!
Missing character: There is no s in font nullfont!
Missing character: There is no i in font nullfont!
Missing character: There is no t in font nullfont!
Missing character: There is no y in font nullfont!
Missing character: There is no o in font nullfont!
Missing character: There is no f in font nullfont!
Missing character: There is no A in font nullfont!
Missing character: There is no r in font nullfont!
Missing character: There is no i in font nullfont!
Missing character: There is no z in font nullfont!
Missing character: There is no o in font nullfont!
Missing character: There is no n in font nullfont!
Missing character: There is no a in font nullfont!
Missing character: There is no : in font nullfont!
Missing character: There is no D in font nullfont!
Missing character: There is no r in font nullfont!
Missing character: There is no . in font nullfont!
Missing character: There is no A in font nullfont!
Missing character: There is no v in font nullfont!
Missing character: There is no e in font nullfont!
Missing character: There is no l in font nullfont!
Missing character: There is no i in font nullfont!
Missing character: There is no n in font nullfont!
Missing character: There is no o in font nullfont!
Missing character: There is no F in font nullfont!
Missing character: There is no . in font nullfont!
Missing character: There is no A in font nullfont!
Missing character: There is no r in font nullfont!
Missing character: There is no e in font nullfont!
Missing character: There is no l in font nullfont!
Missing character: There is no l in font nullfont!
Missing character: There is no a in font nullfont!
Missing character: There is no n in font nullfont!
Missing character: There is no o in font nullfont!
Missing character: There is no J in font nullfont!
Missing character: There is no r in font nullfont!
Missing character: There is no . in font nullfont!

Overfull \hbox (83.61214pt too wide) in paragraph at lines 8--12
[]\OT1/cmr/bx/n/10 Postdoctoral
 []


Overfull \hbox (17.72908pt too wide) in paragraph at lines 8--12
\OT1/cmr/bx/n/10 Re-
 []


Overfull \hbox (31.3137pt too wide) in paragraph at lines 8--12
\OT1/cmr/bx/n/10 search
 []


Overfull \hbox (17.06378pt too wide) in paragraph at lines 8--12
\OT1/cmr/bx/n/10 As-
 []


Overfull \hbox (14.11935pt too wide) in paragraph at lines 8--12
\OT1/cmr/bx/n/10 so-
 []


Overfull \hbox (23.63875pt too wide) in paragraph at lines 8--12
\OT1/cmr/bx/n/10 ciate
 []


Overfull \hbox (47.47888pt too wide) in paragraph at lines 8--12
\OT1/cmr/bx/n/10 Graduate
 []


Overfull \hbox (17.72908pt too wide) in paragraph at lines 8--12
\OT1/cmr/bx/n/10 Re-
 []


Overfull \hbox (31.3137pt too wide) in paragraph at lines 8--12
\OT1/cmr/bx/n/10 search
 []


Overfull \hbox (17.06378pt too wide) in paragraph at lines 8--12
\OT1/cmr/bx/n/10 As-
 []


Overfull \hbox (16.09988pt too wide) in paragraph at lines 8--12
\OT1/cmr/bx/n/10 sis-
 []


Overfull \hbox (20.60403pt too wide) in paragraph at lines 8--12
\OT1/cmr/bx/n/10 tant
 []


Overfull \hbox (45.48857pt too wide) in paragraph at lines 8--12
\OT1/cmr/m/it/10 Supervisor
 []


! LaTeX Error: Missing \begin{document}.

See the LaTeX manual or LaTeX Companion for explanation.
Type  H <return>  for immediate help.
 ...                                              
                                                  
l.13 \textbf{Guest Research Worker}
                                    \hfill Aug 2019 -- Jul 2020 \\
You're in trouble here.  Try typing  <return>  to proceed.
If that doesn't work, type  X <return>  to quit.

Missing character: There is no A in font nullfont!
Missing character: There is no u in font nullfont!
Missing character: There is no g in font nullfont!
Missing character: There is no 2 in font nullfont!
Missing character: There is no 0 in font nullfont!
Missing character: There is no 1 in font nullfont!
Missing character: There is no 9 in font nullfont!
Missing character: There is no - in font nullfont!
Missing character: There is no - in font nullfont!
Missing character: There is no J in font nullfont!
Missing character: There is no u in font nullfont!
Missing character: There is no l in font nullfont!
Missing character: There is no 2 in font nullfont!
Missing character: There is no 0 in font nullfont!
Missing character: There is no 2 in font nullfont!
Missing character: There is no 0 in font nullfont!
Missing character: There is no B in font nullfont!
Missing character: There is no o in font nullfont!
Missing character: There is no s in font nullfont!
Missing character: There is no e in font nullfont!
Missing character: There is no I in font nullfont!
Missing character: There is no n in font nullfont!
Missing character: There is no s in font nullfont!
Missing character: There is no t in font nullfont!
Missing character: There is no i in font nullfont!
Missing character: There is no t in font nullfont!
Missing character: There is no u in font nullfont!
Missing character: There is no t in font nullfont!
Missing character: There is no e in font nullfont!
Missing character: There is no , in font nullfont!
Missing character: There is no E in font nullfont!
Missing character: There is no n in font nullfont!
Missing character: There is no v in font nullfont!
Missing character: There is no i in font nullfont!
Missing character: There is no r in font nullfont!
Missing character: There is no o in font nullfont!
Missing character: There is no n in font nullfont!
Missing character: There is no m in font nullfont!
Missing character: There is no e in font nullfont!
Missing character: There is no n in font nullfont!
Missing character: There is no t in font nullfont!
Missing character: There is no a in font nullfont!
Missing character: There is no l in font nullfont!
Missing character: There is no S in font nullfont!
Missing character: There is no c in font nullfont!
Missing character: There is no i in font nullfont!
Missing character: There is no e in font nullfont!
Missing character: There is no n in font nullfont!
Missing character: There is no c in font nullfont!
Missing character: There is no e in font nullfont!
Missing character: There is no s in font nullfont!
Missing character: There is no S in font nullfont!
Missing character: There is no e in font nullfont!
Missing character: There is no c in font nullfont!
Missing character: There is no t in font nullfont!
Missing character: There is no i in font nullfont!
Missing character: There is no o in font nullfont!
Missing character: There is no n in font nullfont!
Missing character: There is no : in font nullfont!
Missing character: There is no D in font nullfont!
Missing character: There is no r in font nullfont!
Missing character: There is no . in font nullfont!
Missing character: There is no S in font nullfont!
Missing character: There is no a in font nullfont!
Missing character: There is no n in font nullfont!
Missing character: There is no a in font nullfont!
Missing character: There is no t in font nullfont!
Missing character: There is no K in font nullfont!
Missing character: There is no u in font nullfont!
Missing character: There is no m in font nullfont!
Missing character: There is no a in font nullfont!
Missing character: There is no r in font nullfont!
Missing character: There is no D in font nullfont!
Missing character: There is no a in font nullfont!
Missing character: There is no s in font nullfont!

Overfull \hbox (49.70955pt too wide) in paragraph at lines 13--16
[]\OT1/cmr/bx/n/10 Guest
 []


Overfull \hbox (17.72908pt too wide) in paragraph at lines 13--16
\OT1/cmr/bx/n/10 Re-
 []


Overfull \hbox (31.3137pt too wide) in paragraph at lines 13--16
\OT1/cmr/bx/n/10 search
 []


Overfull \hbox (37.17345pt too wide) in paragraph at lines 13--16
\OT1/cmr/bx/n/10 Worker
 []


Overfull \hbox (45.48857pt too wide) in paragraph at lines 13--16
\OT1/cmr/m/it/10 Supervisor
 []

! Undefined control sequence.
l.21 \section
             {\mysidestyle \textbf{\textcolor{sep}{Teaching Experience}}}
The control sequence at the end of the top line
of your error message was never \def'ed. If you have
misspelled it (e.g., `\hobx'), type `I' and the correct
spelling (e.g., `I\hbox'). Otherwise just continue,
and I'll forget about whatever was undefined.

! Undefined control sequence.
l.21 \section{\mysidestyle
                           \textbf{\textcolor{sep}{Teaching Experience}}}
The control sequence at the end of the top line
of your error message was never \def'ed. If you have
misspelled it (e.g., `\hobx'), type `I' and the correct
spelling (e.g., `I\hbox'). Otherwise just continue,
and I'll forget about whatever was undefined.


! LaTeX Error: Missing \begin{document}.

See the LaTeX manual or LaTeX Companion for explanation.
Type  H <return>  for immediate help.
 ...                                              
                                                  
l.21 ...xtbf{\textcolor{sep}{Teaching Experience}}
                                                  }
You're in trouble here.  Try typing  <return>  to proceed.
If that doesn't work, type  X <return>  to quit.

! Undefined control sequence.
<recently read> \textcolor 
                           
l.21 ...xtbf{\textcolor{sep}{Teaching Experience}}
                                                  }
The control sequence at the end of the top line
of your error message was never \def'ed. If you have
misspelled it (e.g., `\hobx'), type `I' and the correct
spelling (e.g., `I\hbox'). Otherwise just continue,
and I'll forget about whatever was undefined.


Overfull \hbox (80.61215pt too wide) in paragraph at lines 21--22
[]\OT1/cmr/bx/n/10 sepTeaching
 []


Overfull \hbox (17.45824pt too wide) in paragraph at lines 21--22
\OT1/cmr/bx/n/10 Ex-
 []


Overfull \hbox (15.81242pt too wide) in paragraph at lines 21--22
\OT1/cmr/bx/n/10 pe-
 []


Overfull \hbox (11.76384pt too wide) in paragraph at lines 21--22
\OT1/cmr/bx/n/10 ri-
 []


Overfull \hbox (22.04156pt too wide) in paragraph at lines 21--22
\OT1/cmr/bx/n/10 ence 
 []


! LaTeX Error: Missing \begin{document}.

See the LaTeX manual or LaTeX Companion for explanation.
Type  H <return>  for immediate help.
 ...                                              
                                                  
l.23 \textbf{Graduate Teaching Assistant}
                                         , Department of Hydrology and Atmos...

You're in trouble here.  Try typing  <return>  to proceed.
If that doesn't work, type  X <return>  to quit.

Missing character: There is no , in font nullfont!
Missing character: There is no D in font nullfont!
Missing character: There is no e in font nullfont!
Missing character: There is no p in font nullfont!
Missing character: There is no a in font nullfont!
Missing character: There is no r in font nullfont!
Missing character: There is no t in font nullfont!
Missing character: There is no m in font nullfont!
Missing character: There is no e in font nullfont!
Missing character: There is no n in font nullfont!
Missing character: There is no t in font nullfont!
Missing character: There is no o in font nullfont!
Missing character: There is no f in font nullfont!
Missing character: There is no H in font nullfont!
Missing character: There is no y in font nullfont!
Missing character: There is no d in font nullfont!
Missing character: There is no r in font nullfont!
Missing character: There is no o in font nullfont!
Missing character: There is no l in font nullfont!
Missing character: There is no o in font nullfont!
Missing character: There is no g in font nullfont!
Missing character: There is no y in font nullfont!
Missing character: There is no a in font nullfont!
Missing character: There is no n in font nullfont!
Missing character: There is no d in font nullfont!
Missing character: There is no A in font nullfont!
Missing character: There is no t in font nullfont!
Missing character: There is no m in font nullfont!
Missing character: There is no o in font nullfont!
Missing character: There is no s in font nullfont!
Missing character: There is no p in font nullfont!
Missing character: There is no h in font nullfont!
Missing character: There is no e in font nullfont!
Missing character: There is no r in font nullfont!
Missing character: There is no i in font nullfont!
Missing character: There is no c in font nullfont!
Missing character: There is no S in font nullfont!
Missing character: There is no c in font nullfont!
Missing character: There is no i in font nullfont!
Missing character: There is no e in font nullfont!
Missing character: There is no n in font nullfont!
Missing character: There is no c in font nullfont!
Missing character: There is no e in font nullfont!
Missing character: There is no s in font nullfont!
Missing character: There is no T in font nullfont!
Missing character: There is no h in font nullfont!
Missing character: There is no e in font nullfont!
Missing character: There is no U in font nullfont!
Missing character: There is no n in font nullfont!
Missing character: There is no i in font nullfont!
Missing character: There is no v in font nullfont!
Missing character: There is no e in font nullfont!
Missing character: There is no r in font nullfont!
Missing character: There is no s in font nullfont!
Missing character: There is no i in font nullfont!
Missing character: There is no t in font nullfont!
Missing character: There is no y in font nullfont!
Missing character: There is no o in font nullfont!
Missing character: There is no f in font nullfont!
Missing character: There is no A in font nullfont!
Missing character: There is no r in font nullfont!
Missing character: There is no i in font nullfont!
Missing character: There is no z in font nullfont!
Missing character: There is no o in font nullfont!
Missing character: There is no n in font nullfont!
Missing character: There is no a in font nullfont!
Missing character: There is no J in font nullfont!
Missing character: There is no a in font nullfont!
Missing character: There is no n in font nullfont!
Missing character: There is no 2 in font nullfont!
Missing character: There is no 0 in font nullfont!
Missing character: There is no 2 in font nullfont!
Missing character: There is no 3 in font nullfont!
Missing character: There is no - in font nullfont!
Missing character: There is no - in font nullfont!
Missing character: There is no P in font nullfont!
Missing character: There is no r in font nullfont!
Missing character: There is no e in font nullfont!
Missing character: There is no s in font nullfont!
Missing character: There is no e in font nullfont!
Missing character: There is no n in font nullfont!
Missing character: There is no t in font nullfont!

Overfull \hbox (67.47888pt too wide) in paragraph at lines 23--25
[]\OT1/cmr/bx/n/10 Graduate
 []


Overfull \hbox (32.91647pt too wide) in paragraph at lines 23--25
\OT1/cmr/bx/n/10 Teach-
 []


Overfull \hbox (15.33325pt too wide) in paragraph at lines 23--25
\OT1/cmr/bx/n/10 ing
 []


Overfull \hbox (17.06378pt too wide) in paragraph at lines 23--25
\OT1/cmr/bx/n/10 As-
 []


Overfull \hbox (16.09988pt too wide) in paragraph at lines 23--25
\OT1/cmr/bx/n/10 sis-
 []


Overfull \hbox (20.60403pt too wide) in paragraph at lines 23--25
\OT1/cmr/bx/n/10 tant
 []


! LaTeX Error: Missing \begin{document}.

See the LaTeX manual or LaTeX Companion for explanation.
Type  H <return>  for immediate help.
 ...                                              
                                                  
l.26 ...MO 469B/569B - Air Pollution II: Aerosols}
                                                   (Spring 2026) \\
You're in trouble here.  Try typing  <return>  to proceed.
If that doesn't work, type  X <return>  to quit.

Missing character: There is no ( in font nullfont!
Missing character: There is no S in font nullfont!
Missing character: There is no p in font nullfont!
Missing character: There is no r in font nullfont!
Missing character: There is no i in font nullfont!
Missing character: There is no n in font nullfont!
Missing character: There is no g in font nullfont!
Missing character: There is no 2 in font nullfont!
Missing character: There is no 0 in font nullfont!
Missing character: There is no 2 in font nullfont!
Missing character: There is no 6 in font nullfont!
Missing character: There is no ) in font nullfont!
Missing character: There is no ( in font nullfont!
Missing character: There is no F in font nullfont!
Missing character: There is no a in font nullfont!
Missing character: There is no l in font nullfont!
Missing character: There is no l in font nullfont!
Missing character: There is no 2 in font nullfont!
Missing character: There is no 0 in font nullfont!
Missing character: There is no 2 in font nullfont!
Missing character: There is no 4 in font nullfont!
Missing character: There is no , in font nullfont!
Missing character: There is no F in font nullfont!
Missing character: There is no a in font nullfont!
Missing character: There is no l in font nullfont!
Missing character: There is no l in font nullfont!
Missing character: There is no 2 in font nullfont!
Missing character: There is no 0 in font nullfont!
Missing character: There is no 2 in font nullfont!
Missing character: There is no 5 in font nullfont!
Missing character: There is no ) in font nullfont!
Missing character: There is no ( in font nullfont!
Missing character: There is no S in font nullfont!
Missing character: There is no p in font nullfont!
Missing character: There is no r in font nullfont!
Missing character: There is no i in font nullfont!
Missing character: There is no n in font nullfont!
Missing character: There is no g in font nullfont!
Missing character: There is no 2 in font nullfont!
Missing character: There is no 0 in font nullfont!
Missing character: There is no 2 in font nullfont!
Missing character: There is no 4 in font nullfont!
Missing character: There is no ) in font nullfont!
Missing character: There is no ( in font nullfont!
Missing character: There is no S in font nullfont!
Missing character: There is no p in font nullfont!
Missing character: There is no r in font nullfont!
Missing character: There is no i in font nullfont!
Missing character: There is no n in font nullfont!
Missing character: There is no g in font nullfont!
Missing character: There is no 2 in font nullfont!
Missing character: There is no 0 in font nullfont!
Missing character: There is no 2 in font nullfont!
Missing character: There is no 3 in font nullfont!
Missing character: There is no ) in font nullfont!

Overfull \hbox (50.45537pt too wide) in paragraph at lines 26--30
[]\OT1/cmr/m/it/10 ATMO
 []


Overfull \hbox (49.85529pt too wide) in paragraph at lines 26--30
\OT1/cmr/m/it/10 469B/569B
 []


Overfull \hbox (3.57774pt too wide) in paragraph at lines 26--30
\OT1/cmr/m/it/10 -
 []


Overfull \hbox (14.461pt too wide) in paragraph at lines 26--30
\OT1/cmr/m/it/10 Air
 []


Overfull \hbox (18.02766pt too wide) in paragraph at lines 26--30
\OT1/cmr/m/it/10 Pol-
 []


Overfull \hbox (11.49992pt too wide) in paragraph at lines 26--30
\OT1/cmr/m/it/10 lu-
 []


Overfull \hbox (17.12212pt too wide) in paragraph at lines 26--30
\OT1/cmr/m/it/10 tion
 []


Overfull \hbox (10.77771pt too wide) in paragraph at lines 26--30
\OT1/cmr/m/it/10 II:
 []


Overfull \hbox (36.18307pt too wide) in paragraph at lines 26--30
\OT1/cmr/m/it/10 Aerosols
 []


Overfull \hbox (30.45537pt too wide) in paragraph at lines 26--30
\OT1/cmr/m/it/10 ATMO
 []


Overfull \hbox (50.64417pt too wide) in paragraph at lines 26--30
\OT1/cmr/m/it/10 469A/569A
 []


Overfull \hbox (3.57774pt too wide) in paragraph at lines 26--30
\OT1/cmr/m/it/10 -
 []


Overfull \hbox (14.461pt too wide) in paragraph at lines 26--30
\OT1/cmr/m/it/10 Air
 []


Overfull \hbox (18.02766pt too wide) in paragraph at lines 26--30
\OT1/cmr/m/it/10 Pol-
 []


Overfull \hbox (11.49992pt too wide) in paragraph at lines 26--30
\OT1/cmr/m/it/10 lu-
 []


Overfull \hbox (17.12212pt too wide) in paragraph at lines 26--30
\OT1/cmr/m/it/10 tion
 []


Overfull \hbox (6.92218pt too wide) in paragraph at lines 26--30
\OT1/cmr/m/it/10 I:
 []


Overfull \hbox (25.62485pt too wide) in paragraph at lines 26--30
\OT1/cmr/m/it/10 Gases
 []


Overfull \hbox (30.45537pt too wide) in paragraph at lines 26--30
\OT1/cmr/m/it/10 ATMO
 []


Overfull \hbox (15.33325pt too wide) in paragraph at lines 26--30
\OT1/cmr/m/it/10 545
 []


Overfull \hbox (3.57774pt too wide) in paragraph at lines 26--30
\OT1/cmr/m/it/10 -
 []


Overfull \hbox (13.05547pt too wide) in paragraph at lines 26--30
\OT1/cmr/m/it/10 In-
 []


Overfull \hbox (15.71652pt too wide) in paragraph at lines 26--30
\OT1/cmr/m/it/10 tro-
 []


Overfull \hbox (18.65543pt too wide) in paragraph at lines 26--30
\OT1/cmr/m/it/10 duc-
 []


Overfull \hbox (17.12212pt too wide) in paragraph at lines 26--30
\OT1/cmr/m/it/10 tion
 []


Overfull \hbox (8.43327pt too wide) in paragraph at lines 26--30
\OT1/cmr/m/it/10 to
 []


Overfull \hbox (21.0943pt too wide) in paragraph at lines 26--30
\OT1/cmr/m/it/10 Data
 []


Overfull \hbox (15.0999pt too wide) in paragraph at lines 26--30
\OT1/cmr/m/it/10 As-
 []


Overfull \hbox (18.911pt too wide) in paragraph at lines 26--30
\OT1/cmr/m/it/10 sim-
 []


Overfull \hbox (6.6444pt too wide) in paragraph at lines 26--30
\OT1/cmr/m/it/10 i-
 []


Overfull \hbox (11.24437pt too wide) in paragraph at lines 26--30
\OT1/cmr/m/it/10 la-
 []


Overfull \hbox (17.12212pt too wide) in paragraph at lines 26--30
\OT1/cmr/m/it/10 tion
 []


Overfull \hbox (30.45537pt too wide) in paragraph at lines 26--30
\OT1/cmr/m/it/10 ATMO
 []


Overfull \hbox (15.33325pt too wide) in paragraph at lines 26--30
\OT1/cmr/m/it/10 430
 []


Overfull \hbox (3.57774pt too wide) in paragraph at lines 26--30
\OT1/cmr/m/it/10 -
 []


Overfull \hbox (24.02206pt too wide) in paragraph at lines 26--30
\OT1/cmr/m/it/10 Com-
 []


Overfull \hbox (14.05547pt too wide) in paragraph at lines 26--30
\OT1/cmr/m/it/10 pu-
 []


Overfull \hbox (12.01102pt too wide) in paragraph at lines 26--30
\OT1/cmr/m/it/10 ta-
 []


Overfull \hbox (24.78874pt too wide) in paragraph at lines 26--30
\OT1/cmr/m/it/10 tional
 []


Overfull \hbox (25.57759pt too wide) in paragraph at lines 26--30
\OT1/cmr/m/it/10 Meth-
 []


Overfull \hbox (13.79991pt too wide) in paragraph at lines 26--30
\OT1/cmr/m/it/10 ods
 []


Overfull \hbox (8.68884pt too wide) in paragraph at lines 26--30
\OT1/cmr/m/it/10 in
 []


Overfull \hbox (14.07765pt too wide) in paragraph at lines 26--30
\OT1/cmr/m/it/10 At-
 []


Overfull \hbox (16.86656pt too wide) in paragraph at lines 26--30
\OT1/cmr/m/it/10 mo-
 []


Overfull \hbox (30.79424pt too wide) in paragraph at lines 26--30
\OT1/cmr/m/it/10 spheric
 []


Overfull \hbox (16.86655pt too wide) in paragraph at lines 26--30
\OT1/cmr/m/it/10 Sci-
 []


Overfull \hbox (22.99982pt too wide) in paragraph at lines 26--30
\OT1/cmr/m/it/10 ences
 []

! Undefined control sequence.
l.35 \section
             {\mysidestyle \textbf{\textcolor{sep}{Research Experience}}}
The control sequence at the end of the top line
of your error message was never \def'ed. If you have
misspelled it (e.g., `\hobx'), type `I' and the correct
spelling (e.g., `I\hbox'). Otherwise just continue,
and I'll forget about whatever was undefined.

! Undefined control sequence.
l.35 \section{\mysidestyle
                           \textbf{\textcolor{sep}{Research Experience}}}
The control sequence at the end of the top line
of your error message was never \def'ed. If you have
misspelled it (e.g., `\hobx'), type `I' and the correct
spelling (e.g., `I\hbox'). Otherwise just continue,
and I'll forget about whatever was undefined.


! LaTeX Error: Missing \begin{document}.

See the LaTeX manual or LaTeX Companion for explanation.
Type  H <return>  for immediate help.
 ...                                              
                                                  
l.35 ...xtbf{\textcolor{sep}{Research Experience}}
                                                  }
You're in trouble here.  Try typing  <return>  to proceed.
If that doesn't work, type  X <return>  to quit.

! Undefined control sequence.
<recently read> \textcolor 
                           
l.35 ...xtbf{\textcolor{sep}{Research Experience}}
                                                  }
The control sequence at the end of the top line
of your error message was never \def'ed. If you have
misspelled it (e.g., `\hobx'), type `I' and the correct
spelling (e.g., `I\hbox'). Otherwise just continue,
and I'll forget about whatever was undefined.


Overfull \hbox (81.40521pt too wide) in paragraph at lines 35--36
[]\OT1/cmr/bx/n/10 sepResearch
 []


Overfull \hbox (17.45824pt too wide) in paragraph at lines 35--36
\OT1/cmr/bx/n/10 Ex-
 []


Overfull \hbox (15.81242pt too wide) in paragraph at lines 35--36
\OT1/cmr/bx/n/10 pe-
 []


Overfull \hbox (11.76384pt too wide) in paragraph at lines 35--36
\OT1/cmr/bx/n/10 ri-
 []


Overfull \hbox (22.04156pt too wide) in paragraph at lines 35--36
\OT1/cmr/bx/n/10 ence 
 []


! LaTeX Error: Missing \begin{document}.

See the LaTeX manual or LaTeX Companion for explanation.
Type  H <return>  for immediate help.
 ...                                              
                                                  
l.37 \textbf{\emph{\textcolor{sep}{Publications}}}
                                                  
You're in trouble here.  Try typing  <return>  to proceed.
If that doesn't work, type  X <return>  to quit.

! Undefined control sequence.
<recently read> \textcolor 
                           
l.37 \textbf{\emph{\textcolor{sep}{Publications}}}
                                                  
The control sequence at the end of the top line
of your error message was never \def'ed. If you have
misspelled it (e.g., `\hobx'), type `I' and the correct
spelling (e.g., `I\hbox'). Otherwise just continue,
and I'll forget about whatever was undefined.


Overfull \hbox (98.17137pt too wide) in paragraph at lines 37--38
[]\OT1/cmr/bx/it/10 sepPublications 
 []


! LaTeX Error: Missing \begin{document}.

See the LaTeX manual or LaTeX Companion for explanation.
Type  H <return>  for immediate help.
 ...                                              
                                                  
l.38 \begin{enumerate}[
                       topsep=1pt, partopsep=1pt, itemsep=0.5pt, parsep=0.1p...

You're in trouble here.  Try typing  <return>  to proceed.
If that doesn't work, type  X <return>  to quit.

Missing character: There is no [ in font nullfont!
Missing character: There is no t in font nullfont!
Missing character: There is no o in font nullfont!
Missing character: There is no p in font nullfont!
Missing character: There is no s in font nullfont!
Missing character: There is no e in font nullfont!
Missing character: There is no p in font nullfont!
Missing character: There is no = in font nullfont!
Missing character: There is no 1 in font nullfont!
Missing character: There is no p in font nullfont!
Missing character: There is no t in font nullfont!
Missing character: There is no , in font nullfont!
Missing character: There is no p in font nullfont!
Missing character: There is no a in font nullfont!
Missing character: There is no r in font nullfont!
Missing character: There is no t in font nullfont!
Missing character: There is no o in font nullfont!
Missing character: There is no p in font nullfont!
Missing character: There is no s in font nullfont!
Missing character: There is no e in font nullfont!
Missing character: There is no p in font nullfont!
Missing character: There is no = in font nullfont!
Missing character: There is no 1 in font nullfont!
Missing character: There is no p in font nullfont!
Missing character: There is no t in font nullfont!
Missing character: There is no , in font nullfont!
Missing character: There is no i in font nullfont!
Missing character: There is no t in font nullfont!
Missing character: There is no e in font nullfont!
Missing character: There is no m in font nullfont!
Missing character: There is no s in font nullfont!
Missing character: There is no e in font nullfont!
Missing character: There is no p in font nullfont!
Missing character: There is no = in font nullfont!
Missing character: There is no 0 in font nullfont!
Missing character: There is no . in font nullfont!
Missing character: There is no 5 in font nullfont!
Missing character: There is no p in font nullfont!
Missing character: There is no t in font nullfont!
Missing character: There is no , in font nullfont!
Missing character: There is no p in font nullfont!
Missing character: There is no a in font nullfont!
Missing character: There is no r in font nullfont!
Missing character: There is no s in font nullfont!
Missing character: There is no e in font nullfont!
Missing character: There is no p in font nullfont!
Missing character: There is no = in font nullfont!
Missing character: There is no 0 in font nullfont!
Missing character: There is no . in font nullfont!
Missing character: There is no 1 in font nullfont!
Missing character: There is no p in font nullfont!
Missing character: There is no t in font nullfont!
Missing character: There is no , in font nullfont!
Missing character: There is no l in font nullfont!
Missing character: There is no e in font nullfont!
Missing character: There is no f in font nullfont!
Missing character: There is no t in font nullfont!
Missing character: There is no m in font nullfont!
Missing character: There is no a in font nullfont!
Missing character: There is no r in font nullfont!
Missing character: There is no g in font nullfont!
Missing character: There is no i in font nullfont!
Missing character: There is no n in font nullfont!
Missing character: There is no = in font nullfont!
Missing character: There is no 1 in font nullfont!
Missing character: There is no 5 in font nullfont!
Missing character: There is no p in font nullfont!
Missing character: There is no t in font nullfont!
Missing character: There is no , in font nullfont!
Missing character: There is no l in font nullfont!
Missing character: There is no a in font nullfont!
Missing character: There is no b in font nullfont!
Missing character: There is no e in font nullfont!
Missing character: There is no l in font nullfont!
Missing character: There is no = in font nullfont!
! Missing number, treated as zero.
<to be read again> 
                   \c@* 
l.38 ...rsep=0.1pt, leftmargin=15pt,label=\arabic*
                                                  .]
A number should have been here; I inserted `0'.
(If you can't figure out why I needed to see a number,
look up `weird error' in the index to The TeXbook.)

Missing character: There is no 0 in font nullfont!
Missing character: There is no . in font nullfont!
Missing character: There is no ] in font nullfont!

! LaTeX Error: Something's wrong--perhaps a missing \item.

See the LaTeX manual or LaTeX Companion for explanation.
Type  H <return>  for immediate help.
 ...                                              
                                                  
l.40 	\item J
             H Richter, E Joseph, MC Arcodia, J Berner, JL Demuth, P Falloon...

Try typing  <return>  to proceed.
If that doesn't work, type  X <return>  to quit.


! LaTeX Error: Something's wrong--perhaps a missing \item.

See the LaTeX manual or LaTeX Companion for explanation.
Type  H <return>  for immediate help.
 ...                                              
                                                  
l.40 	\item J
             H Richter, E Joseph, MC Arcodia, J Berner, JL Demuth, P Falloon...

Try typing  <return>  to proceed.
If that doesn't work, type  X <return>  to quit.


! LaTeX Error: Something's wrong--perhaps a missing \item.

See the LaTeX manual or LaTeX Companion for explanation.
Type  H <return>  for immediate help.
 ...                                              
                                                  
l.40 	\item J
             H Richter, E Joseph, MC Arcodia, J Berner, JL Demuth, P Falloon...

Try typing  <return>  to proceed.
If that doesn't work, type  X <return>  to quit.

Missing character: There is no J in font nullfont!
Missing character: There is no H in font nullfont!
Missing character: There is no R in font nullfont!
Missing character: There is no i in font nullfont!
Missing character: There is no c in font nullfont!
Missing character: There is no h in font nullfont!
Missing character: There is no t in font nullfont!
Missing character: There is no e in font nullfont!
Missing character: There is no r in font nullfont!
Missing character: There is no , in font nullfont!
Missing character: There is no E in font nullfont!
Missing character: There is no J in font nullfont!
Missing character: There is no o in font nullfont!
Missing character: There is no s in font nullfont!
Missing character: There is no e in font nullfont!
Missing character: There is no p in font nullfont!
Missing character: There is no h in font nullfont!
Missing character: There is no , in font nullfont!
Missing character: There is no M in font nullfont!
Missing character: There is no C in font nullfont!
Missing character: There is no A in font nullfont!
Missing character: There is no r in font nullfont!
Missing character: There is no c in font nullfont!
Missing character: There is no o in font nullfont!
Missing character: There is no d in font nullfont!
Missing character: There is no i in font nullfont!
Missing character: There is no a in font nullfont!
Missing character: There is no , in font nullfont!
Missing character: There is no J in font nullfont!
Missing character: There is no B in font nullfont!
Missing character: There is no e in font nullfont!
Missing character: There is no r in font nullfont!
Missing character: There is no n in font nullfont!
Missing character: There is no e in font nullfont!
Missing character: There is no r in font nullfont!
Missing character: There is no , in font nullfont!
Missing character: There is no J in font nullfont!
Missing character: There is no L in font nullfont!
Missing character: There is no D in font nullfont!
Missing character: There is no e in font nullfont!
Missing character: There is no m in font nullfont!
Missing character: There is no u in font nullfont!
Missing character: There is no t in font nullfont!
Missing character: There is no h in font nullfont!
Missing character: There is no , in font nullfont!
Missing character: There is no P in font nullfont!
Missing character: There is no F in font nullfont!
Missing character: There is no a in font nullfont!
Missing character: There is no l in font nullfont!
Missing character: There is no l in font nullfont!
Missing character: There is no o in font nullfont!
Missing character: There is no o in font nullfont!
Missing character: There is no n in font nullfont!
Missing character: There is no , in font nullfont!
Missing character: There is no G in font nullfont!
Missing character: There is no S in font nullfont!
Missing character: There is no R in font nullfont!
Missing character: There is no o in font nullfont!
Missing character: There is no m in font nullfont!
Missing character: There is no i in font nullfont!
Missing character: There is no n in font nullfont!
Missing character: There is no e in font nullfont!
Missing character: There is no , in font nullfont!
Missing character: There is no J in font nullfont!
Missing character: There is no T in font nullfont!
Missing character: There is no C in font nullfont!
Missing character: There is no o in font nullfont!
Missing character: There is no h in font nullfont!
Missing character: There is no e in font nullfont!
Missing character: There is no n in font nullfont!
Missing character: There is no , in font nullfont!
Missing character: There is no J in font nullfont!
Missing character: There is no G in font nullfont!
Missing character: There is no o in font nullfont!
Missing character: There is no n in font nullfont!
Missing character: There is no z in font nullfont!
Missing character: There is no a in font nullfont!
Missing character: There is no l in font nullfont!
Missing character: There is no e in font nullfont!
Missing character: There is no z in font nullfont!
Missing character: There is no - in font nullfont!
Missing character: There is no C in font nullfont!
Missing character: There is no r in font nullfont!
Missing character: There is no u in font nullfont!
Missing character: There is no z in font nullfont!
Missing character: There is no , in font nullfont!
Missing character: There is no M in font nullfont!
Missing character: There is no E in font nullfont!
Missing character: There is no l in font nullfont!
Missing character: There is no G in font nullfont!
Missing character: There is no h in font nullfont!
Missing character: There is no a in font nullfont!
Missing character: There is no r in font nullfont!
Missing character: There is no a in font nullfont!
Missing character: There is no m in font nullfont!
Missing character: There is no t in font nullfont!
Missing character: There is no i in font nullfont!
Missing character: There is no , in font nullfont!
Missing character: There is no B in font nullfont!
Missing character: There is no H in font nullfont!
Missing character: There is no o in font nullfont!
Missing character: There is no p in font nullfont!
Missing character: There is no p in font nullfont!
Missing character: There is no e in font nullfont!
Missing character: There is no , in font nullfont!
Missing character: There is no S in font nullfont!
Missing character: There is no K in font nullfont!
Missing character: There is no u in font nullfont!
Missing character: There is no m in font nullfont!
Missing character: There is no a in font nullfont!
Missing character: There is no r in font nullfont!
Missing character: There is no , in font nullfont!
Missing character: There is no A in font nullfont!
Missing character: There is no M in font nullfont!
Missing character: There is no a in font nullfont!
Missing character: There is no r in font nullfont!
Missing character: There is no i in font nullfont!
Missing character: There is no o in font nullfont!
Missing character: There is no t in font nullfont!
Missing character: There is no t in font nullfont!
Missing character: There is no i in font nullfont!
Missing character: There is no , in font nullfont!
Missing character: There is no D in font nullfont!
Missing character: There is no M in font nullfont!
Missing character: There is no i in font nullfont!
Missing character: There is no s in font nullfont!
Missing character: There is no h in font nullfont!
Missing character: There is no r in font nullfont!
Missing character: There is no a in font nullfont!
Missing character: There is no , in font nullfont!
Missing character: There is no K in font nullfont!
Missing character: There is no P in font nullfont!
Missing character: There is no e in font nullfont!
Missing character: There is no g in font nullfont!
Missing character: There is no i in font nullfont!
Missing character: There is no o in font nullfont!
Missing character: There is no n in font nullfont!
Missing character: There is no , in font nullfont!
Missing character: There is no Z in font nullfont!
Missing character: There is no P in font nullfont!
Missing character: There is no u in font nullfont!
Missing character: There is no , in font nullfont!
Missing character: There is no K in font nullfont!
Missing character: There is no A in font nullfont!
Missing character: There is no Q in font nullfont!
Missing character: There is no u in font nullfont!
Missing character: There is no a in font nullfont!
Missing character: There is no g in font nullfont!
Missing character: There is no r in font nullfont!
Missing character: There is no a in font nullfont!
Missing character: There is no i in font nullfont!
Missing character: There is no n in font nullfont!
Missing character: There is no e in font nullfont!
Missing character: There is no , in font nullfont!
Missing character: There is no K in font nullfont!
Missing character: There is no T in font nullfont!
Missing character: There is no Q in font nullfont!
Missing character: There is no u in font nullfont!
Missing character: There is no a in font nullfont!
Missing character: There is no g in font nullfont!
Missing character: There is no r in font nullfont!
Missing character: There is no a in font nullfont!
Missing character: There is no i in font nullfont!
Missing character: There is no n in font nullfont!
Missing character: There is no e in font nullfont!
Missing character: There is no , in font nullfont!
Missing character: There is no , in font nullfont!
Missing character: There is no J in font nullfont!
Missing character: There is no R in font nullfont!
Missing character: There is no y in font nullfont!
Missing character: There is no a in font nullfont!
Missing character: There is no n in font nullfont!
Missing character: There is no , in font nullfont!
Missing character: There is no Z in font nullfont!
Missing character: There is no S in font nullfont!
Missing character: There is no t in font nullfont!
Missing character: There is no o in font nullfont!
Missing character: There is no n in font nullfont!
Missing character: There is no e in font nullfont!
Missing character: There is no , in font nullfont!
Missing character: There is no D in font nullfont!
Missing character: There is no D in font nullfont!
Missing character: There is no a in font nullfont!
Missing character: There is no s in font nullfont!
Missing character: There is no , in font nullfont!
Missing character: There is no B in font nullfont!
Missing character: There is no G in font nullfont!
Missing character: There is no a in font nullfont!
Missing character: There is no u in font nullfont!
Missing character: There is no b in font nullfont!
Missing character: There is no e in font nullfont!
Missing character: There is no r in font nullfont!
Missing character: There is no t in font nullfont!
Missing character: There is no , in font nullfont!
Missing character: There is no S in font nullfont!
Missing character: There is no K in font nullfont!
Missing character: There is no a in font nullfont!
Missing character: There is no p in font nullfont!
Missing character: There is no n in font nullfont!
Missing character: There is no i in font nullfont!
Missing character: There is no c in font nullfont!
Missing character: There is no k in font nullfont!
Missing character: There is no , in font nullfont!
Missing character: There is no C in font nullfont!
Missing character: There is no Z in font nullfont!
Missing character: There is no a in font nullfont!
Missing character: There is no r in font nullfont!
Missing character: There is no z in font nullfont!
Missing character: There is no y in font nullfont!
Missing character: There is no c in font nullfont!
Missing character: There is no k in font nullfont!
Missing character: There is no i in font nullfont!
Missing character: There is no . in font nullfont!
Missing character: There is no 2 in font nullfont!
Missing character: There is no 0 in font nullfont!
Missing character: There is no 2 in font nullfont!
Missing character: There is no 6 in font nullfont!
Missing character: There is no . in font nullfont!
Missing character: There is no . in font nullfont!
! Undefined control sequence.
<recently read> \href 
                      
l.40 ...n of the American Meteorological Society}}
                                                  .
The control sequence at the end of the top line
of your error message was never \def'ed. If you have
misspelled it (e.g., `\hobx'), type `I' and the correct
spelling (e.g., `I\hbox'). Otherwise just continue,
and I'll forget about whatever was undefined.

Missing character: There is no . in font nullfont!

! LaTeX Error: Something's wrong--perhaps a missing \item.

See the LaTeX manual or LaTeX Companion for explanation.
Type  H <return>  for immediate help.
 ...                                              
                                                  
l.42 	\item J
             M McKinnon, \textbf{C Roychoudhury}, and AF Arellano Jr. \textb...

Try typing  <return>  to proceed.
If that doesn't work, type  X <return>  to quit.


! LaTeX Error: Something's wrong--perhaps a missing \item.

See the LaTeX manual or LaTeX Companion for explanation.
Type  H <return>  for immediate help.
 ...                                              
                                                  
l.42 	\item J
             M McKinnon, \textbf{C Roychoudhury}, and AF Arellano Jr. \textb...

Try typing  <return>  to proceed.
If that doesn't work, type  X <return>  to quit.


! LaTeX Error: Something's wrong--perhaps a missing \item.

See the LaTeX manual or LaTeX Companion for explanation.
Type  H <return>  for immediate help.
 ...                                              
                                                  
l.42 	\item J
             M McKinnon, \textbf{C Roychoudhury}, and AF Arellano Jr. \textb...

Try typing  <return>  to proceed.
If that doesn't work, type  X <return>  to quit.

Missing character: There is no J in font nullfont!
Missing character: There is no M in font nullfont!
Missing character: There is no M in font nullfont!
Missing character: There is no c in font nullfont!
Missing character: There is no K in font nullfont!
Missing character: There is no i in font nullfont!
Missing character: There is no n in font nullfont!
Missing character: There is no n in font nullfont!
Missing character: There is no o in font nullfont!
Missing character: There is no n in font nullfont!
Missing character: There is no , in font nullfont!
Missing character: There is no , in font nullfont!
Missing character: There is no a in font nullfont!
Missing character: There is no n in font nullfont!
Missing character: There is no d in font nullfont!
Missing character: There is no A in font nullfont!
Missing character: There is no F in font nullfont!
Missing character: There is no A in font nullfont!
Missing character: There is no r in font nullfont!
Missing character: There is no e in font nullfont!
Missing character: There is no l in font nullfont!
Missing character: There is no l in font nullfont!
Missing character: There is no a in font nullfont!
Missing character: There is no n in font nullfont!
Missing character: There is no o in font nullfont!
Missing character: There is no J in font nullfont!
Missing character: There is no r in font nullfont!
Missing character: There is no . in font nullfont!
Missing character: There is no . in font nullfont!
! Undefined control sequence.
<recently read> \href 
                      
l.42 ...3440}{Atmospheric Measurement Techniques}}
                                                  . (Accepted)
The control sequence at the end of the top line
of your error message was never \def'ed. If you have
misspelled it (e.g., `\hobx'), type `I' and the correct
spelling (e.g., `I\hbox'). Otherwise just continue,
and I'll forget about whatever was undefined.

Missing character: There is no . in font nullfont!
Missing character: There is no ( in font nullfont!
Missing character: There is no A in font nullfont!
Missing character: There is no c in font nullfont!
Missing character: There is no c in font nullfont!
Missing character: There is no e in font nullfont!
Missing character: There is no p in font nullfont!
Missing character: There is no t in font nullfont!
Missing character: There is no e in font nullfont!
Missing character: There is no d in font nullfont!
Missing character: There is no ) in font nullfont!

! LaTeX Error: Something's wrong--perhaps a missing \item.

See the LaTeX manual or LaTeX Companion for explanation.
Type  H <return>  for immediate help.
 ...                                              
                                                  
l.44 	\item \textbf
                   {C Roychoudhury}, C He, R Kumar, AF Arellano Jr. 2025.  \...

Try typing  <return>  to proceed.
If that doesn't work, type  X <return>  to quit.


! LaTeX Error: Something's wrong--perhaps a missing \item.

See the LaTeX manual or LaTeX Companion for explanation.
Type  H <return>  for immediate help.
 ...                                              
                                                  
l.44 	\item \textbf
                   {C Roychoudhury}, C He, R Kumar, AF Arellano Jr. 2025.  \...

Try typing  <return>  to proceed.
If that doesn't work, type  X <return>  to quit.


! LaTeX Error: Something's wrong--perhaps a missing \item.

See the LaTeX manual or LaTeX Companion for explanation.
Type  H <return>  for immediate help.
 ...                                              
                                                  
l.44 	\item \textbf
                   {C Roychoudhury}, C He, R Kumar, AF Arellano Jr. 2025.  \...

Try typing  <return>  to proceed.
If that doesn't work, type  X <return>  to quit.

Missing character: There is no , in font nullfont!
Missing character: There is no C in font nullfont!
Missing character: There is no H in font nullfont!
Missing character: There is no e in font nullfont!
Missing character: There is no , in font nullfont!
Missing character: There is no R in font nullfont!
Missing character: There is no K in font nullfont!
Missing character: There is no u in font nullfont!
Missing character: There is no m in font nullfont!
Missing character: There is no a in font nullfont!
Missing character: There is no r in font nullfont!
Missing character: There is no , in font nullfont!
Missing character: There is no A in font nullfont!
Missing character: There is no F in font nullfont!
Missing character: There is no A in font nullfont!
Missing character: There is no r in font nullfont!
Missing character: There is no e in font nullfont!
Missing character: There is no l in font nullfont!
Missing character: There is no l in font nullfont!
Missing character: There is no a in font nullfont!
Missing character: There is no n in font nullfont!
Missing character: There is no o in font nullfont!
Missing character: There is no J in font nullfont!
Missing character: There is no r in font nullfont!
Missing character: There is no . in font nullfont!
Missing character: There is no 2 in font nullfont!
Missing character: There is no 0 in font nullfont!
Missing character: There is no 2 in font nullfont!
Missing character: There is no 5 in font nullfont!
Missing character: There is no . in font nullfont!
Missing character: There is no . in font nullfont!
! Undefined control sequence.
<recently read> \href 
                      
l.44 ...-16-1237-2025}{Earth System Dynamics, 16}}
                                                  , 1237--1266.
The control sequence at the end of the top line
of your error message was never \def'ed. If you have
misspelled it (e.g., `\hobx'), type `I' and the correct
spelling (e.g., `I\hbox'). Otherwise just continue,
and I'll forget about whatever was undefined.

Missing character: There is no , in font nullfont!
Missing character: There is no 1 in font nullfont!
Missing character: There is no 2 in font nullfont!
Missing character: There is no 3 in font nullfont!
Missing character: There is no 7 in font nullfont!
Missing character: There is no - in font nullfont!
Missing character: There is no - in font nullfont!
Missing character: There is no 1 in font nullfont!
Missing character: There is no 2 in font nullfont!
Missing character: There is no 6 in font nullfont!
Missing character: There is no 6 in font nullfont!
Missing character: There is no . in font nullfont!

! LaTeX Error: Something's wrong--perhaps a missing \item.

See the LaTeX manual or LaTeX Companion for explanation.
Type  H <return>  for immediate help.
 ...                                              
                                                  
l.46 	\item \textbf
                   {C Roychoudhury}, C He, R Kumar, JM McKinnon, and AF Arel...

Try typing  <return>  to proceed.
If that doesn't work, type  X <return>  to quit.


! LaTeX Error: Something's wrong--perhaps a missing \item.

See the LaTeX manual or LaTeX Companion for explanation.
Type  H <return>  for immediate help.
 ...                                              
                                                  
l.46 	\item \textbf
                   {C Roychoudhury}, C He, R Kumar, JM McKinnon, and AF Arel...

Try typing  <return>  to proceed.
If that doesn't work, type  X <return>  to quit.


! LaTeX Error: Something's wrong--perhaps a missing \item.

See the LaTeX manual or LaTeX Companion for explanation.
Type  H <return>  for immediate help.
 ...                                              
                                                  
l.46 	\item \textbf
                   {C Roychoudhury}, C He, R Kumar, JM McKinnon, and AF Arel...

Try typing  <return>  to proceed.
If that doesn't work, type  X <return>  to quit.

Missing character: There is no , in font nullfont!
Missing character: There is no C in font nullfont!
Missing character: There is no H in font nullfont!
Missing character: There is no e in font nullfont!
Missing character: There is no , in font nullfont!
Missing character: There is no R in font nullfont!
Missing character: There is no K in font nullfont!
Missing character: There is no u in font nullfont!
Missing character: There is no m in font nullfont!
Missing character: There is no a in font nullfont!
Missing character: There is no r in font nullfont!
Missing character: There is no , in font nullfont!
Missing character: There is no J in font nullfont!
Missing character: There is no M in font nullfont!
Missing character: There is no M in font nullfont!
Missing character: There is no c in font nullfont!
Missing character: There is no K in font nullfont!
Missing character: There is no i in font nullfont!
Missing character: There is no n in font nullfont!
Missing character: There is no n in font nullfont!
Missing character: There is no o in font nullfont!
Missing character: There is no n in font nullfont!
Missing character: There is no , in font nullfont!
Missing character: There is no a in font nullfont!
Missing character: There is no n in font nullfont!
Missing character: There is no d in font nullfont!
Missing character: There is no A in font nullfont!
Missing character: There is no F in font nullfont!
Missing character: There is no A in font nullfont!
Missing character: There is no r in font nullfont!
Missing character: There is no e in font nullfont!
Missing character: There is no l in font nullfont!
Missing character: There is no l in font nullfont!
Missing character: There is no a in font nullfont!
Missing character: There is no n in font nullfont!
Missing character: There is no o in font nullfont!
Missing character: There is no . in font nullfont!
Missing character: There is no . in font nullfont!
Missing character: There is no 2 in font nullfont!
Missing character: There is no 0 in font nullfont!
Missing character: There is no 2 in font nullfont!
Missing character: There is no 2 in font nullfont!
Missing character: There is no . in font nullfont!
! Undefined control sequence.
l.46 ...ity over High Mountain Asia}. 2022.  \href
                                                  {https://doi.org/10.1029/2...
The control sequence at the end of the top line
of your error message was never \def'ed. If you have
misspelled it (e.g., `\hobx'), type `I' and the correct
spelling (e.g., `I\hbox'). Otherwise just continue,
and I'll forget about whatever was undefined.

Missing character: There is no h in font nullfont!
Missing character: There is no t in font nullfont!
Missing character: There is no t in font nullfont!
Missing character: There is no p in font nullfont!
Missing character: There is no s in font nullfont!
Missing character: There is no : in font nullfont!
Missing character: There is no / in font nullfont!
Missing character: There is no / in font nullfont!
Missing character: There is no d in font nullfont!
Missing character: There is no o in font nullfont!
Missing character: There is no i in font nullfont!
Missing character: There is no . in font nullfont!
Missing character: There is no o in font nullfont!
Missing character: There is no r in font nullfont!
Missing character: There is no g in font nullfont!
Missing character: There is no / in font nullfont!
Missing character: There is no 1 in font nullfont!
Missing character: There is no 0 in font nullfont!
Missing character: There is no . in font nullfont!
Missing character: There is no 1 in font nullfont!
Missing character: There is no 0 in font nullfont!
Missing character: There is no 2 in font nullfont!
Missing character: There is no 9 in font nullfont!
Missing character: There is no / in font nullfont!
Missing character: There is no 2 in font nullfont!
Missing character: There is no 0 in font nullfont!
Missing character: There is no 2 in font nullfont!
Missing character: There is no 2 in font nullfont!
Missing character: There is no G in font nullfont!
Missing character: There is no L in font nullfont!
Missing character: There is no 0 in font nullfont!
Missing character: There is no 9 in font nullfont!
Missing character: There is no 9 in font nullfont!
Missing character: There is no 3 in font nullfont!
Missing character: There is no 1 in font nullfont!
Missing character: There is no 7 in font nullfont!
Missing character: There is no . in font nullfont!

! LaTeX Error: Something's wrong--perhaps a missing \item.

See the LaTeX manual or LaTeX Companion for explanation.
Type  H <return>  for immediate help.
 ...                                              
                                                  
l.48 	\item R
              Kumar, C He, \textbf{C Roychoudhury}, W Cheng, N Mizukami, and...

Try typing  <return>  to proceed.
If that doesn't work, type  X <return>  to quit.


! LaTeX Error: Something's wrong--perhaps a missing \item.

See the LaTeX manual or LaTeX Companion for explanation.
Type  H <return>  for immediate help.
 ...                                              
                                                  
l.48 	\item R
              Kumar, C He, \textbf{C Roychoudhury}, W Cheng, N Mizukami, and...

Try typing  <return>  to proceed.
If that doesn't work, type  X <return>  to quit.


! LaTeX Error: Something's wrong--perhaps a missing \item.

See the LaTeX manual or LaTeX Companion for explanation.
Type  H <return>  for immediate help.
 ...                                              
                                                  
l.48 	\item R
              Kumar, C He, \textbf{C Roychoudhury}, W Cheng, N Mizukami, and...

Try typing  <return>  to proceed.
If that doesn't work, type  X <return>  to quit.

Missing character: There is no R in font nullfont!
Missing character: There is no K in font nullfont!
Missing character: There is no u in font nullfont!
Missing character: There is no m in font nullfont!
Missing character: There is no a in font nullfont!
Missing character: There is no r in font nullfont!
Missing character: There is no , in font nullfont!
Missing character: There is no C in font nullfont!
Missing character: There is no H in font nullfont!
Missing character: There is no e in font nullfont!
Missing character: There is no , in font nullfont!
Missing character: There is no , in font nullfont!
Missing character: There is no W in font nullfont!
Missing character: There is no C in font nullfont!
Missing character: There is no h in font nullfont!
Missing character: There is no e in font nullfont!
Missing character: There is no n in font nullfont!
Missing character: There is no g in font nullfont!
Missing character: There is no , in font nullfont!
Missing character: There is no N in font nullfont!
Missing character: There is no M in font nullfont!
Missing character: There is no i in font nullfont!
Missing character: There is no z in font nullfont!
Missing character: There is no u in font nullfont!
Missing character: There is no k in font nullfont!
Missing character: There is no a in font nullfont!
Missing character: There is no m in font nullfont!
Missing character: There is no i in font nullfont!
Missing character: There is no , in font nullfont!
Missing character: There is no a in font nullfont!
Missing character: There is no n in font nullfont!
Missing character: There is no d in font nullfont!
Missing character: There is no A in font nullfont!
Missing character: There is no F in font nullfont!
Missing character: There is no A in font nullfont!
Missing character: There is no r in font nullfont!
Missing character: There is no e in font nullfont!
Missing character: There is no l in font nullfont!
Missing character: There is no l in font nullfont!
Missing character: There is no a in font nullfont!
Missing character: There is no n in font nullfont!
Missing character: There is no o in font nullfont!
Missing character: There is no . in font nullfont!
Missing character: There is no . in font nullfont!
Missing character: There is no 2 in font nullfont!
Missing character: There is no 0 in font nullfont!
Missing character: There is no 2 in font nullfont!
Missing character: There is no 4 in font nullfont!
Missing character: There is no . in font nullfont!
Missing character: There is no . in font nullfont!
Missing character: There is no B in font nullfont!
Missing character: There is no o in font nullfont!
Missing character: There is no u in font nullfont!
Missing character: There is no l in font nullfont!
Missing character: There is no d in font nullfont!
Missing character: There is no e in font nullfont!
Missing character: There is no r in font nullfont!
Missing character: There is no , in font nullfont!
Missing character: There is no C in font nullfont!
Missing character: There is no o in font nullfont!
Missing character: There is no l in font nullfont!
Missing character: There is no o in font nullfont!
Missing character: There is no r in font nullfont!
Missing character: There is no a in font nullfont!
Missing character: There is no d in font nullfont!
Missing character: There is no o in font nullfont!
Missing character: There is no U in font nullfont!
Missing character: There is no S in font nullfont!
Missing character: There is no A in font nullfont!
Missing character: There is no . in font nullfont!
Missing character: There is no N in font nullfont!
Missing character: There is no A in font nullfont!
Missing character: There is no S in font nullfont!
Missing character: There is no A in font nullfont!
Missing character: There is no N in font nullfont!
Missing character: There is no a in font nullfont!
Missing character: There is no t in font nullfont!
Missing character: There is no i in font nullfont!
Missing character: There is no o in font nullfont!
Missing character: There is no n in font nullfont!
Missing character: There is no a in font nullfont!
Missing character: There is no l in font nullfont!
Missing character: There is no S in font nullfont!
Missing character: There is no n in font nullfont!
Missing character: There is no o in font nullfont!
Missing character: There is no w in font nullfont!
Missing character: There is no a in font nullfont!
Missing character: There is no n in font nullfont!
Missing character: There is no d in font nullfont!
Missing character: There is no I in font nullfont!
Missing character: There is no c in font nullfont!
Missing character: There is no e in font nullfont!
Missing character: There is no D in font nullfont!
Missing character: There is no a in font nullfont!
Missing character: There is no t in font nullfont!
Missing character: There is no a in font nullfont!
Missing character: There is no C in font nullfont!
Missing character: There is no e in font nullfont!
Missing character: There is no n in font nullfont!
Missing character: There is no t in font nullfont!
Missing character: There is no e in font nullfont!
Missing character: There is no r in font nullfont!
Missing character: There is no D in font nullfont!
Missing character: There is no i in font nullfont!
Missing character: There is no s in font nullfont!
Missing character: There is no t in font nullfont!
Missing character: There is no r in font nullfont!
Missing character: There is no i in font nullfont!
Missing character: There is no b in font nullfont!
Missing character: There is no u in font nullfont!
Missing character: There is no t in font nullfont!
Missing character: There is no e in font nullfont!
Missing character: There is no d in font nullfont!
Missing character: There is no A in font nullfont!
Missing character: There is no c in font nullfont!
Missing character: There is no t in font nullfont!
Missing character: There is no i in font nullfont!
Missing character: There is no v in font nullfont!
Missing character: There is no e in font nullfont!
Missing character: There is no A in font nullfont!
Missing character: There is no r in font nullfont!
Missing character: There is no c in font nullfont!
Missing character: There is no h in font nullfont!
Missing character: There is no i in font nullfont!
Missing character: There is no v in font nullfont!
Missing character: There is no e in font nullfont!
Missing character: There is no C in font nullfont!
Missing character: There is no e in font nullfont!
Missing character: There is no n in font nullfont!
Missing character: There is no t in font nullfont!
Missing character: There is no e in font nullfont!
Missing character: There is no r in font nullfont!
Missing character: There is no . in font nullfont!
! Undefined control sequence.
l.49 ...er Distributed Active Archive Center. \url
                                                  {https://doi.org/10.5067/C...
The control sequence at the end of the top line
of your error message was never \def'ed. If you have
misspelled it (e.g., `\hobx'), type `I' and the correct
spelling (e.g., `I\hbox'). Otherwise just continue,
and I'll forget about whatever was undefined.

Missing character: There is no h in font nullfont!
Missing character: There is no t in font nullfont!
Missing character: There is no t in font nullfont!
Missing character: There is no p in font nullfont!
Missing character: There is no s in font nullfont!
Missing character: There is no : in font nullfont!
Missing character: There is no / in font nullfont!
Missing character: There is no / in font nullfont!
Missing character: There is no d in font nullfont!
Missing character: There is no o in font nullfont!
Missing character: There is no i in font nullfont!
Missing character: There is no . in font nullfont!
Missing character: There is no o in font nullfont!
Missing character: There is no r in font nullfont!
Missing character: There is no g in font nullfont!
Missing character: There is no / in font nullfont!
Missing character: There is no 1 in font nullfont!
Missing character: There is no 0 in font nullfont!
Missing character: There is no . in font nullfont!
Missing character: There is no 5 in font nullfont!
Missing character: There is no 0 in font nullfont!
Missing character: There is no 6 in font nullfont!
Missing character: There is no 7 in font nullfont!
Missing character: There is no / in font nullfont!
Missing character: There is no C in font nullfont!
Missing character: There is no G in font nullfont!
Missing character: There is no 4 in font nullfont!
Missing character: There is no O in font nullfont!
Missing character: There is no T in font nullfont!
Missing character: There is no 8 in font nullfont!
Missing character: There is no D in font nullfont!
Missing character: There is no J in font nullfont!
Missing character: There is no X in font nullfont!
Missing character: There is no 2 in font nullfont!
Missing character: There is no Z in font nullfont!
Missing character: There is no 7 in font nullfont!
Missing character: There is no . in font nullfont!

! LaTeX Error: Something's wrong--perhaps a missing \item.

See the LaTeX manual or LaTeX Companion for explanation.
Type  H <return>  for immediate help.
 ...                                              
                                                  
l.51 	\item K
              Mottungan, \textbf{C Roychoudhury}, V Brocchi, B Gaubert, W Ta...

Try typing  <return>  to proceed.
If that doesn't work, type  X <return>  to quit.


! LaTeX Error: Something's wrong--perhaps a missing \item.

See the LaTeX manual or LaTeX Companion for explanation.
Type  H <return>  for immediate help.
 ...                                              
                                                  
l.51 	\item K
              Mottungan, \textbf{C Roychoudhury}, V Brocchi, B Gaubert, W Ta...

Try typing  <return>  to proceed.
If that doesn't work, type  X <return>  to quit.


! LaTeX Error: Something's wrong--perhaps a missing \item.

See the LaTeX manual or LaTeX Companion for explanation.
Type  H <return>  for immediate help.
 ...                                              
                                                  
l.51 	\item K
              Mottungan, \textbf{C Roychoudhury}, V Brocchi, B Gaubert, W Ta...

Try typing  <return>  to proceed.
If that doesn't work, type  X <return>  to quit.

Missing character: There is no K in font nullfont!
Missing character: There is no M in font nullfont!
Missing character: There is no o in font nullfont!
Missing character: There is no t in font nullfont!
Missing character: There is no t in font nullfont!
Missing character: There is no u in font nullfont!
Missing character: There is no n in font nullfont!
Missing character: There is no g in font nullfont!
Missing character: There is no a in font nullfont!
Missing character: There is no n in font nullfont!
Missing character: There is no , in font nullfont!
Missing character: There is no , in font nullfont!
Missing character: There is no V in font nullfont!
Missing character: There is no B in font nullfont!
Missing character: There is no r in font nullfont!
Missing character: There is no o in font nullfont!
Missing character: There is no c in font nullfont!
Missing character: There is no c in font nullfont!
Missing character: There is no h in font nullfont!
Missing character: There is no i in font nullfont!
Missing character: There is no , in font nullfont!
Missing character: There is no B in font nullfont!
Missing character: There is no G in font nullfont!
Missing character: There is no a in font nullfont!
Missing character: There is no u in font nullfont!
Missing character: There is no b in font nullfont!
Missing character: There is no e in font nullfont!
Missing character: There is no r in font nullfont!
Missing character: There is no t in font nullfont!
Missing character: There is no , in font nullfont!
Missing character: There is no W in font nullfont!
Missing character: There is no T in font nullfont!
Missing character: There is no a in font nullfont!
Missing character: There is no n in font nullfont!
Missing character: There is no g in font nullfont!
Missing character: There is no , in font nullfont!
Missing character: There is no M in font nullfont!
Missing character: There is no A in font nullfont!
Missing character: There is no M in font nullfont!
Missing character: There is no i in font nullfont!
Missing character: There is no r in font nullfont!
Missing character: There is no r in font nullfont!
Missing character: There is no e in font nullfont!
Missing character: There is no z in font nullfont!
Missing character: There is no a in font nullfont!
Missing character: There is no e in font nullfont!
Missing character: There is no i in font nullfont!
Missing character: There is no , in font nullfont!
Missing character: There is no J in font nullfont!
Missing character: There is no M in font nullfont!
Missing character: There is no M in font nullfont!
Missing character: There is no c in font nullfont!
Missing character: There is no K in font nullfont!
Missing character: There is no i in font nullfont!
Missing character: There is no n in font nullfont!
Missing character: There is no n in font nullfont!
Missing character: There is no o in font nullfont!
Missing character: There is no n in font nullfont!
Missing character: There is no , in font nullfont!
Missing character: There is no Y in font nullfont!
Missing character: There is no G in font nullfont!
Missing character: There is no u in font nullfont!
Missing character: There is no o in font nullfont!
Missing character: There is no , in font nullfont!
Missing character: There is no D in font nullfont!
Missing character: There is no W in font nullfont!
Missing character: There is no T in font nullfont!
Missing character: There is no G in font nullfont!
Missing character: There is no r in font nullfont!
Missing character: There is no i in font nullfont!
Missing character: There is no f in font nullfont!
Missing character: There is no f in font nullfont!
Missing character: There is no i in font nullfont!
Missing character: There is no t in font nullfont!
Missing character: There is no h in font nullfont!
Missing character: There is no , in font nullfont!
Missing character: There is no D in font nullfont!
Missing character: There is no G in font nullfont!
Missing character: There is no F in font nullfont!
Missing character: There is no e in font nullfont!
Missing character: There is no i in font nullfont!
Missing character: There is no s in font nullfont!
Missing character: There is no t in font nullfont!
Missing character: There is no , in font nullfont!
Missing character: There is no I in font nullfont!
Missing character: There is no M in font nullfont!
Missing character: There is no o in font nullfont!
Missing character: There is no r in font nullfont!
Missing character: There is no i in font nullfont!
Missing character: There is no n in font nullfont!
Missing character: There is no o in font nullfont!
Missing character: There is no , in font nullfont!
Missing character: There is no M in font nullfont!
Missing character: There is no K in font nullfont!
Missing character: There is no S in font nullfont!
Missing character: There is no h in font nullfont!
Missing character: There is no a in font nullfont!
Missing character: There is no , in font nullfont!
Missing character: There is no M in font nullfont!
Missing character: There is no K in font nullfont!
Missing character: There is no D in font nullfont!
Missing character: There is no u in font nullfont!
Missing character: There is no b in font nullfont!
Missing character: There is no e in font nullfont!
Missing character: There is no y in font nullfont!
Missing character: There is no , in font nullfont!
Missing character: There is no M in font nullfont!
Missing character: There is no D in font nullfont!
Missing character: There is no e in font nullfont!
Missing character: There is no M in font nullfont!
Missing character: There is no a in font nullfont!
Missing character: There is no z in font nullfont!
Missing character: There is no i in font nullfont!
LaTeX Font Info:    Trying to load font information for +cmr on input line 51.
LaTeX Font Info:    No file cmr.fd. on input line 51.

LaTeX Font Warning: Font shape `/cmr/m/n' undefined
(Font)              using `/cmr/m/n' instead on input line 51.

! Corrupted NFSS tables.
wrong@fontshape ...message {Corrupted NFSS tables}
                                                  error@fontshape else let f...
l.51 ...I Morino, MK Sha, MK Dubey, M De Mazi\`{e}
                                                  re, NM Deutscher, PO Wennb...
This error message was generated by an \errmessage
command, so I can't give any explicit help.
Pretend that you're Hercule Poirot: Examine all clues,
and deduce the truth by order and method.


LaTeX Font Warning: Font shape `/cmr/m/n' undefined
(Font)              using `OT1/cmr/m/n' instead on input line 51.

Missing character: There is no r in font nullfont!
Missing character: There is no e in font nullfont!
Missing character: There is no , in font nullfont!
Missing character: There is no N in font nullfont!
Missing character: There is no M in font nullfont!
Missing character: There is no D in font nullfont!
Missing character: There is no e in font nullfont!
Missing character: There is no u in font nullfont!
Missing character: There is no t in font nullfont!
Missing character: There is no s in font nullfont!
Missing character: There is no c in font nullfont!
Missing character: There is no h in font nullfont!
Missing character: There is no e in font nullfont!
Missing character: There is no r in font nullfont!
Missing character: There is no , in font nullfont!
Missing character: There is no P in font nullfont!
Missing character: There is no O in font nullfont!
Missing character: There is no W in font nullfont!
Missing character: There is no e in font nullfont!
Missing character: There is no n in font nullfont!
Missing character: There is no n in font nullfont!
Missing character: There is no b in font nullfont!
Missing character: There is no e in font nullfont!
Missing character: There is no r in font nullfont!
Missing character: There is no g in font nullfont!
Missing character: There is no , in font nullfont!
Missing character: There is no R in font nullfont!
Missing character: There is no S in font nullfont!
Missing character: There is no u in font nullfont!
Missing character: There is no s in font nullfont!
Missing character: There is no s in font nullfont!
Missing character: There is no m in font nullfont!
Missing character: There is no a in font nullfont!
Missing character: There is no n in font nullfont!
Missing character: There is no n in font nullfont!
Missing character: There is no , in font nullfont!
Missing character: There is no R in font nullfont!
Missing character: There is no K in font nullfont!
Missing character: There is no i in font nullfont!
Missing character: There is no v in font nullfont!
Missing character: There is no i in font nullfont!
Missing character: There is no , in font nullfont!
Missing character: There is no T in font nullfont!
Missing character: There is no Y in font nullfont!
Missing character: There is no G in font nullfont!
Missing character: There is no o in font nullfont!
Missing character: There is no o in font nullfont!
Missing character: There is no , in font nullfont!
Missing character: There is no V in font nullfont!
Missing character: There is no A in font nullfont!
Missing character: There is no V in font nullfont!
Missing character: There is no e in font nullfont!
Missing character: There is no l in font nullfont!
Missing character: There is no a in font nullfont!
Missing character: There is no z in font nullfont!
Missing character: There is no c in font nullfont!
Missing character: There is no o in font nullfont!
Missing character: There is no , in font nullfont!
Missing character: There is no W in font nullfont!
Missing character: There is no W in font nullfont!
Missing character: There is no a in font nullfont!
Missing character: There is no n in font nullfont!
Missing character: There is no g in font nullfont!
Missing character: There is no , in font nullfont!
Missing character: There is no a in font nullfont!
Missing character: There is no n in font nullfont!
Missing character: There is no d in font nullfont!
Missing character: There is no A in font nullfont!
Missing character: There is no F in font nullfont!
Missing character: There is no A in font nullfont!
Missing character: There is no r in font nullfont!
Missing character: There is no e in font nullfont!
Missing character: There is no l in font nullfont!
Missing character: There is no l in font nullfont!
Missing character: There is no a in font nullfont!
Missing character: There is no n in font nullfont!
Missing character: There is no o in font nullfont!
Missing character: There is no J in font nullfont!
Missing character: There is no r in font nullfont!
Missing character: There is no . in font nullfont!
Missing character: There is no . in font nullfont!
Missing character: There is no 2 in font nullfont!
Missing character: There is no 0 in font nullfont!
Missing character: There is no 2 in font nullfont!
Missing character: There is no 4 in font nullfont!
Missing character: There is no . in font nullfont!
! Undefined control sequence.
l.51 ...m TCCON column measurements}. 2024.  \href
                                                  {https://doi.org/10.5194/a...
The control sequence at the end of the top line
of your error message was never \def'ed. If you have
misspelled it (e.g., `\hobx'), type `I' and the correct
spelling (e.g., `I\hbox'). Otherwise just continue,
and I'll forget about whatever was undefined.

Missing character: There is no h in font nullfont!
Missing character: There is no t in font nullfont!
Missing character: There is no t in font nullfont!
Missing character: There is no p in font nullfont!
Missing character: There is no s in font nullfont!
Missing character: There is no : in font nullfont!
Missing character: There is no / in font nullfont!
Missing character: There is no / in font nullfont!
Missing character: There is no d in font nullfont!
Missing character: There is no o in font nullfont!
Missing character: There is no i in font nullfont!
Missing character: There is no . in font nullfont!
Missing character: There is no o in font nullfont!
Missing character: There is no r in font nullfont!
Missing character: There is no g in font nullfont!
Missing character: There is no / in font nullfont!
Missing character: There is no 1 in font nullfont!
Missing character: There is no 0 in font nullfont!
Missing character: There is no . in font nullfont!
Missing character: There is no 5 in font nullfont!
Missing character: There is no 1 in font nullfont!
Missing character: There is no 9 in font nullfont!
Missing character: There is no 4 in font nullfont!
Missing character: There is no / in font nullfont!
Missing character: There is no a in font nullfont!
Missing character: There is no m in font nullfont!
Missing character: There is no t in font nullfont!
Missing character: There is no - in font nullfont!
Missing character: There is no 1 in font nullfont!
Missing character: There is no 7 in font nullfont!
Missing character: There is no - in font nullfont!
Missing character: There is no 5 in font nullfont!
Missing character: There is no 8 in font nullfont!
Missing character: There is no 6 in font nullfont!
Missing character: There is no 1 in font nullfont!
Missing character: There is no - in font nullfont!
Missing character: There is no 2 in font nullfont!
Missing character: There is no 0 in font nullfont!
Missing character: There is no 2 in font nullfont!
Missing character: There is no 4 in font nullfont!
Missing character: There is no , in font nullfont!
Missing character: There is no 5 in font nullfont!
Missing character: There is no 8 in font nullfont!
Missing character: There is no 6 in font nullfont!
Missing character: There is no 1 in font nullfont!
Missing character: There is no - in font nullfont!
Missing character: There is no - in font nullfont!
Missing character: There is no 5 in font nullfont!
Missing character: There is no 8 in font nullfont!
Missing character: There is no 8 in font nullfont!
Missing character: There is no 5 in font nullfont!
Missing character: There is no . in font nullfont!

! LaTeX Error: Something's wrong--perhaps a missing \item.

See the LaTeX manual or LaTeX Companion for explanation.
Type  H <return>  for immediate help.
 ...                                              
                                                  
l.53 	\item M
              Greenslade, Y Guo, G Betito, MA Mirrezaei, \textbf{C Roychoudh...

Try typing  <return>  to proceed.
If that doesn't work, type  X <return>  to quit.


! LaTeX Error: Something's wrong--perhaps a missing \item.

See the LaTeX manual or LaTeX Companion for explanation.
Type  H <return>  for immediate help.
 ...                                              
                                                  
l.53 	\item M
              Greenslade, Y Guo, G Betito, MA Mirrezaei, \textbf{C Roychoudh...

Try typing  <return>  to proceed.
If that doesn't work, type  X <return>  to quit.


! LaTeX Error: Something's wrong--perhaps a missing \item.

See the LaTeX manual or LaTeX Companion for explanation.
Type  H <return>  for immediate help.
 ...                                              
                                                  
l.53 	\item M
              Greenslade, Y Guo, G Betito, MA Mirrezaei, \textbf{C Roychoudh...

Try typing  <return>  to proceed.
If that doesn't work, type  X <return>  to quit.

Missing character: There is no M in font nullfont!
Missing character: There is no G in font nullfont!
Missing character: There is no r in font nullfont!
Missing character: There is no e in font nullfont!
Missing character: There is no e in font nullfont!
Missing character: There is no n in font nullfont!
Missing character: There is no s in font nullfont!
Missing character: There is no l in font nullfont!
Missing character: There is no a in font nullfont!
Missing character: There is no d in font nullfont!
Missing character: There is no e in font nullfont!
Missing character: There is no , in font nullfont!
Missing character: There is no Y in font nullfont!
Missing character: There is no G in font nullfont!
Missing character: There is no u in font nullfont!
Missing character: There is no o in font nullfont!
Missing character: There is no , in font nullfont!
Missing character: There is no G in font nullfont!
Missing character: There is no B in font nullfont!
Missing character: There is no e in font nullfont!
Missing character: There is no t in font nullfont!
Missing character: There is no i in font nullfont!
Missing character: There is no t in font nullfont!
Missing character: There is no o in font nullfont!
Missing character: There is no , in font nullfont!
Missing character: There is no M in font nullfont!
Missing character: There is no A in font nullfont!
Missing character: There is no M in font nullfont!
Missing character: There is no i in font nullfont!
Missing character: There is no r in font nullfont!
Missing character: There is no r in font nullfont!
Missing character: There is no e in font nullfont!
Missing character: There is no z in font nullfont!
Missing character: There is no a in font nullfont!
Missing character: There is no e in font nullfont!
Missing character: There is no i in font nullfont!
Missing character: There is no , in font nullfont!
Missing character: There is no , in font nullfont!
Missing character: There is no A in font nullfont!
Missing character: There is no F in font nullfont!
Missing character: There is no A in font nullfont!
Missing character: There is no r in font nullfont!
Missing character: There is no e in font nullfont!
Missing character: There is no l in font nullfont!
Missing character: There is no l in font nullfont!
Missing character: There is no a in font nullfont!
Missing character: There is no n in font nullfont!
Missing character: There is no o in font nullfont!
Missing character: There is no , in font nullfont!
Missing character: There is no A in font nullfont!
Missing character: There is no S in font nullfont!
Missing character: There is no o in font nullfont!
Missing character: There is no r in font nullfont!
Missing character: There is no o in font nullfont!
Missing character: There is no o in font nullfont!
Missing character: There is no s in font nullfont!
Missing character: There is no h in font nullfont!
Missing character: There is no i in font nullfont!
Missing character: There is no a in font nullfont!
Missing character: There is no n in font nullfont!
Missing character: There is no . in font nullfont!
Missing character: There is no . in font nullfont!
Missing character: There is no 2 in font nullfont!
Missing character: There is no 0 in font nullfont!
Missing character: There is no 2 in font nullfont!
Missing character: There is no 4 in font nullfont!
Missing character: There is no . in font nullfont!
! Undefined control sequence.
l.53 ...different seasons in Arizona}. 2024. \href
                                                  {https://doi.org/10.1016/j...
The control sequence at the end of the top line
of your error message was never \def'ed. If you have
misspelled it (e.g., `\hobx'), type `I' and the correct
spelling (e.g., `I\hbox'). Otherwise just continue,
and I'll forget about whatever was undefined.

Missing character: There is no h in font nullfont!
Missing character: There is no t in font nullfont!
Missing character: There is no t in font nullfont!
Missing character: There is no p in font nullfont!
Missing character: There is no s in font nullfont!
Missing character: There is no : in font nullfont!
Missing character: There is no / in font nullfont!
Missing character: There is no / in font nullfont!
Missing character: There is no d in font nullfont!
Missing character: There is no o in font nullfont!
Missing character: There is no i in font nullfont!
Missing character: There is no . in font nullfont!
Missing character: There is no o in font nullfont!
Missing character: There is no r in font nullfont!
Missing character: There is no g in font nullfont!
Missing character: There is no / in font nullfont!
Missing character: There is no 1 in font nullfont!
Missing character: There is no 0 in font nullfont!
Missing character: There is no . in font nullfont!
Missing character: There is no 1 in font nullfont!
Missing character: There is no 0 in font nullfont!
Missing character: There is no 1 in font nullfont!
Missing character: There is no 6 in font nullfont!
Missing character: There is no / in font nullfont!
Missing character: There is no j in font nullfont!
Missing character: There is no . in font nullfont!
Missing character: There is no a in font nullfont!
Missing character: There is no t in font nullfont!
Missing character: There is no m in font nullfont!
Missing character: There is no o in font nullfont!
Missing character: There is no s in font nullfont!
Missing character: There is no e in font nullfont!
Missing character: There is no n in font nullfont!
Missing character: There is no v in font nullfont!
Missing character: There is no . in font nullfont!
Missing character: There is no 2 in font nullfont!
Missing character: There is no 0 in font nullfont!
Missing character: There is no 2 in font nullfont!
Missing character: There is no 4 in font nullfont!
Missing character: There is no . in font nullfont!
Missing character: There is no 1 in font nullfont!
Missing character: There is no 2 in font nullfont!
Missing character: There is no 0 in font nullfont!
Missing character: There is no 7 in font nullfont!
Missing character: There is no 0 in font nullfont!
Missing character: There is no 3 in font nullfont!
Missing character: There is no . in font nullfont!

! LaTeX Error: Something's wrong--perhaps a missing \item.

See the LaTeX manual or LaTeX Companion for explanation.
Type  H <return>  for immediate help.
 ...                                              
                                                  
l.55 	\item M
             A Mirrezaei, AF Arellano, Y Guo, \textbf{C Roychoudhury}, A Sor...

Try typing  <return>  to proceed.
If that doesn't work, type  X <return>  to quit.


! LaTeX Error: Something's wrong--perhaps a missing \item.

See the LaTeX manual or LaTeX Companion for explanation.
Type  H <return>  for immediate help.
 ...                                              
                                                  
l.55 	\item M
             A Mirrezaei, AF Arellano, Y Guo, \textbf{C Roychoudhury}, A Sor...

Try typing  <return>  to proceed.
If that doesn't work, type  X <return>  to quit.


! LaTeX Error: Something's wrong--perhaps a missing \item.

See the LaTeX manual or LaTeX Companion for explanation.
Type  H <return>  for immediate help.
 ...                                              
                                                  
l.55 	\item M
             A Mirrezaei, AF Arellano, Y Guo, \textbf{C Roychoudhury}, A Sor...

Try typing  <return>  to proceed.
If that doesn't work, type  X <return>  to quit.

Missing character: There is no M in font nullfont!
Missing character: There is no A in font nullfont!
Missing character: There is no M in font nullfont!
Missing character: There is no i in font nullfont!
Missing character: There is no r in font nullfont!
Missing character: There is no r in font nullfont!
Missing character: There is no e in font nullfont!
Missing character: There is no z in font nullfont!
Missing character: There is no a in font nullfont!
Missing character: There is no e in font nullfont!
Missing character: There is no i in font nullfont!
Missing character: There is no , in font nullfont!
Missing character: There is no A in font nullfont!
Missing character: There is no F in font nullfont!
Missing character: There is no A in font nullfont!
Missing character: There is no r in font nullfont!
Missing character: There is no e in font nullfont!
Missing character: There is no l in font nullfont!
Missing character: There is no l in font nullfont!
Missing character: There is no a in font nullfont!
Missing character: There is no n in font nullfont!
Missing character: There is no o in font nullfont!
Missing character: There is no , in font nullfont!
Missing character: There is no Y in font nullfont!
Missing character: There is no G in font nullfont!
Missing character: There is no u in font nullfont!
Missing character: There is no o in font nullfont!
Missing character: There is no , in font nullfont!
Missing character: There is no , in font nullfont!
Missing character: There is no A in font nullfont!
Missing character: There is no S in font nullfont!
Missing character: There is no o in font nullfont!
Missing character: There is no r in font nullfont!
Missing character: There is no o in font nullfont!
Missing character: There is no o in font nullfont!
Missing character: There is no s in font nullfont!
Missing character: There is no h in font nullfont!
Missing character: There is no i in font nullfont!
Missing character: There is no a in font nullfont!
Missing character: There is no n in font nullfont!
Missing character: There is no . in font nullfont!
Missing character: There is no . in font nullfont!
Missing character: There is no 2 in font nullfont!
Missing character: There is no 0 in font nullfont!
Missing character: There is no 2 in font nullfont!
Missing character: There is no 4 in font nullfont!
Missing character: There is no . in font nullfont!
! Undefined control sequence.
l.55 ...ogical and Chemical Drivers}. 2024.  \href
                                                  {https://doi.org/10.1088/2...
The control sequence at the end of the top line
of your error message was never \def'ed. If you have
misspelled it (e.g., `\hobx'), type `I' and the correct
spelling (e.g., `I\hbox'). Otherwise just continue,
and I'll forget about whatever was undefined.

Missing character: There is no h in font nullfont!
Missing character: There is no t in font nullfont!
Missing character: There is no t in font nullfont!
Missing character: There is no p in font nullfont!
Missing character: There is no s in font nullfont!
Missing character: There is no : in font nullfont!
Missing character: There is no / in font nullfont!
Missing character: There is no / in font nullfont!
Missing character: There is no d in font nullfont!
Missing character: There is no o in font nullfont!
Missing character: There is no i in font nullfont!
Missing character: There is no . in font nullfont!
Missing character: There is no o in font nullfont!
Missing character: There is no r in font nullfont!
Missing character: There is no g in font nullfont!
Missing character: There is no / in font nullfont!
Missing character: There is no 1 in font nullfont!
Missing character: There is no 0 in font nullfont!
Missing character: There is no . in font nullfont!
Missing character: There is no 1 in font nullfont!
Missing character: There is no 0 in font nullfont!
Missing character: There is no 8 in font nullfont!
Missing character: There is no 8 in font nullfont!
Missing character: There is no / in font nullfont!
Missing character: There is no 2 in font nullfont!
Missing character: There is no 5 in font nullfont!
Missing character: There is no 1 in font nullfont!
Missing character: There is no 5 in font nullfont!
Missing character: There is no - in font nullfont!
Missing character: There is no 7 in font nullfont!
Missing character: There is no 6 in font nullfont!
Missing character: There is no 2 in font nullfont!
Missing character: There is no 0 in font nullfont!
Missing character: There is no / in font nullfont!
Missing character: There is no a in font nullfont!
Missing character: There is no d in font nullfont!
Missing character: There is no 4 in font nullfont!
Missing character: There is no 8 in font nullfont!
Missing character: There is no 4 in font nullfont!
Missing character: There is no c in font nullfont!
Missing character: There is no , in font nullfont!
Missing character: There is no 0 in font nullfont!
Missing character: There is no 5 in font nullfont!
Missing character: There is no 1 in font nullfont!
Missing character: There is no 0 in font nullfont!
Missing character: There is no 0 in font nullfont!
Missing character: There is no 9 in font nullfont!
Missing character: There is no . in font nullfont!

! LaTeX Error: Something's wrong--perhaps a missing \item.

See the LaTeX manual or LaTeX Companion for explanation.
Type  H <return>  for immediate help.
 ...                                              
                                                  
l.57 	\item Y
              Guo, \textbf{C Roychoudhury}, MA Mirrezaei, R Kumar, A Soroosh...

Try typing  <return>  to proceed.
If that doesn't work, type  X <return>  to quit.


! LaTeX Error: Something's wrong--perhaps a missing \item.

See the LaTeX manual or LaTeX Companion for explanation.
Type  H <return>  for immediate help.
 ...                                              
                                                  
l.57 	\item Y
              Guo, \textbf{C Roychoudhury}, MA Mirrezaei, R Kumar, A Soroosh...

Try typing  <return>  to proceed.
If that doesn't work, type  X <return>  to quit.


! LaTeX Error: Something's wrong--perhaps a missing \item.

See the LaTeX manual or LaTeX Companion for explanation.
Type  H <return>  for immediate help.
 ...                                              
                                                  
l.57 	\item Y
              Guo, \textbf{C Roychoudhury}, MA Mirrezaei, R Kumar, A Soroosh...

Try typing  <return>  to proceed.
If that doesn't work, type  X <return>  to quit.

Missing character: There is no Y in font nullfont!
Missing character: There is no G in font nullfont!
Missing character: There is no u in font nullfont!
Missing character: There is no o in font nullfont!
Missing character: There is no , in font nullfont!
Missing character: There is no , in font nullfont!
Missing character: There is no M in font nullfont!
Missing character: There is no A in font nullfont!
Missing character: There is no M in font nullfont!
Missing character: There is no i in font nullfont!
Missing character: There is no r in font nullfont!
Missing character: There is no r in font nullfont!
Missing character: There is no e in font nullfont!
Missing character: There is no z in font nullfont!
Missing character: There is no a in font nullfont!
Missing character: There is no e in font nullfont!
Missing character: There is no i in font nullfont!
Missing character: There is no , in font nullfont!
Missing character: There is no R in font nullfont!
Missing character: There is no K in font nullfont!
Missing character: There is no u in font nullfont!
Missing character: There is no m in font nullfont!
Missing character: There is no a in font nullfont!
Missing character: There is no r in font nullfont!
Missing character: There is no , in font nullfont!
Missing character: There is no A in font nullfont!
Missing character: There is no S in font nullfont!
Missing character: There is no o in font nullfont!
Missing character: There is no r in font nullfont!
Missing character: There is no o in font nullfont!
Missing character: There is no o in font nullfont!
Missing character: There is no s in font nullfont!
Missing character: There is no h in font nullfont!
Missing character: There is no i in font nullfont!
Missing character: There is no a in font nullfont!
Missing character: There is no n in font nullfont!
Missing character: There is no , in font nullfont!
Missing character: There is no a in font nullfont!
Missing character: There is no n in font nullfont!
Missing character: There is no d in font nullfont!
Missing character: There is no A in font nullfont!
Missing character: There is no F in font nullfont!
Missing character: There is no A in font nullfont!
Missing character: There is no r in font nullfont!
Missing character: There is no e in font nullfont!
Missing character: There is no l in font nullfont!
Missing character: There is no l in font nullfont!
Missing character: There is no a in font nullfont!
Missing character: There is no n in font nullfont!
Missing character: There is no o in font nullfont!
Missing character: There is no . in font nullfont!
Missing character: There is no . in font nullfont!
Missing character: There is no 2 in font nullfont!
Missing character: There is no 0 in font nullfont!
Missing character: There is no 2 in font nullfont!
Missing character: There is no 4 in font nullfont!
Missing character: There is no . in font nullfont!
! Undefined control sequence.
l.58 	\href
           {https://doi.org/10.5194/gmd-17-4331-2024}{\textit{Geoscientific ...
The control sequence at the end of the top line
of your error message was never \def'ed. If you have
misspelled it (e.g., `\hobx'), type `I' and the correct
spelling (e.g., `I\hbox'). Otherwise just continue,
and I'll forget about whatever was undefined.

Missing character: There is no h in font nullfont!
Missing character: There is no t in font nullfont!
Missing character: There is no t in font nullfont!
Missing character: There is no p in font nullfont!
Missing character: There is no s in font nullfont!
Missing character: There is no : in font nullfont!
Missing character: There is no / in font nullfont!
Missing character: There is no / in font nullfont!
Missing character: There is no d in font nullfont!
Missing character: There is no o in font nullfont!
Missing character: There is no i in font nullfont!
Missing character: There is no . in font nullfont!
Missing character: There is no o in font nullfont!
Missing character: There is no r in font nullfont!
Missing character: There is no g in font nullfont!
Missing character: There is no / in font nullfont!
Missing character: There is no 1 in font nullfont!
Missing character: There is no 0 in font nullfont!
Missing character: There is no . in font nullfont!
Missing character: There is no 5 in font nullfont!
Missing character: There is no 1 in font nullfont!
Missing character: There is no 9 in font nullfont!
Missing character: There is no 4 in font nullfont!
Missing character: There is no / in font nullfont!
Missing character: There is no g in font nullfont!
Missing character: There is no m in font nullfont!
Missing character: There is no d in font nullfont!
Missing character: There is no - in font nullfont!
Missing character: There is no 1 in font nullfont!
Missing character: There is no 7 in font nullfont!
Missing character: There is no - in font nullfont!
Missing character: There is no 4 in font nullfont!
Missing character: There is no 3 in font nullfont!
Missing character: There is no 3 in font nullfont!
Missing character: There is no 1 in font nullfont!
Missing character: There is no - in font nullfont!
Missing character: There is no 2 in font nullfont!
Missing character: There is no 0 in font nullfont!
Missing character: There is no 2 in font nullfont!
Missing character: There is no 4 in font nullfont!
Missing character: There is no , in font nullfont!
Missing character: There is no 4 in font nullfont!
Missing character: There is no 3 in font nullfont!
Missing character: There is no 3 in font nullfont!
Missing character: There is no 1 in font nullfont!
Missing character: There is no - in font nullfont!
Missing character: There is no - in font nullfont!
Missing character: There is no 4 in font nullfont!
Missing character: There is no 3 in font nullfont!
Missing character: There is no 5 in font nullfont!
Missing character: There is no 3 in font nullfont!
Missing character: There is no . in font nullfont!

! LaTeX Error: Something's wrong--perhaps a missing \item.

See the LaTeX manual or LaTeX Companion for explanation.
Type  H <return>  for immediate help.
 ...                                              
                                                  
l.60 	\item A
              Sorooshian, AF Arellano Jr, M Fraser, P Herckes, G Betito, E B...

Try typing  <return>  to proceed.
If that doesn't work, type  X <return>  to quit.


! LaTeX Error: Something's wrong--perhaps a missing \item.

See the LaTeX manual or LaTeX Companion for explanation.
Type  H <return>  for immediate help.
 ...                                              
                                                  
l.60 	\item A
              Sorooshian, AF Arellano Jr, M Fraser, P Herckes, G Betito, E B...

Try typing  <return>  to proceed.
If that doesn't work, type  X <return>  to quit.


! LaTeX Error: Something's wrong--perhaps a missing \item.

See the LaTeX manual or LaTeX Companion for explanation.
Type  H <return>  for immediate help.
 ...                                              
                                                  
l.60 	\item A
              Sorooshian, AF Arellano Jr, M Fraser, P Herckes, G Betito, E B...

Try typing  <return>  to proceed.
If that doesn't work, type  X <return>  to quit.

Missing character: There is no A in font nullfont!
Missing character: There is no S in font nullfont!
Missing character: There is no o in font nullfont!
Missing character: There is no r in font nullfont!
Missing character: There is no o in font nullfont!
Missing character: There is no o in font nullfont!
Missing character: There is no s in font nullfont!
Missing character: There is no h in font nullfont!
Missing character: There is no i in font nullfont!
Missing character: There is no a in font nullfont!
Missing character: There is no n in font nullfont!
Missing character: There is no , in font nullfont!
Missing character: There is no A in font nullfont!
Missing character: There is no F in font nullfont!
Missing character: There is no A in font nullfont!
Missing character: There is no r in font nullfont!
Missing character: There is no e in font nullfont!
Missing character: There is no l in font nullfont!
Missing character: There is no l in font nullfont!
Missing character: There is no a in font nullfont!
Missing character: There is no n in font nullfont!
Missing character: There is no o in font nullfont!
Missing character: There is no J in font nullfont!
Missing character: There is no r in font nullfont!
Missing character: There is no , in font nullfont!
Missing character: There is no M in font nullfont!
Missing character: There is no F in font nullfont!
Missing character: There is no r in font nullfont!
Missing character: There is no a in font nullfont!
Missing character: There is no s in font nullfont!
Missing character: There is no e in font nullfont!
Missing character: There is no r in font nullfont!
Missing character: There is no , in font nullfont!
Missing character: There is no P in font nullfont!
Missing character: There is no H in font nullfont!
Missing character: There is no e in font nullfont!
Missing character: There is no r in font nullfont!
Missing character: There is no c in font nullfont!
Missing character: There is no k in font nullfont!
Missing character: There is no e in font nullfont!
Missing character: There is no s in font nullfont!
Missing character: There is no , in font nullfont!
Missing character: There is no G in font nullfont!
Missing character: There is no B in font nullfont!
Missing character: There is no e in font nullfont!
Missing character: There is no t in font nullfont!
Missing character: There is no i in font nullfont!
Missing character: There is no t in font nullfont!
Missing character: There is no o in font nullfont!
Missing character: There is no , in font nullfont!
Missing character: There is no E in font nullfont!
Missing character: There is no B in font nullfont!
Missing character: There is no e in font nullfont!
Missing character: There is no t in font nullfont!
Missing character: There is no t in font nullfont!
Missing character: There is no e in font nullfont!
Missing character: There is no r in font nullfont!
Missing character: There is no t in font nullfont!
Missing character: There is no o in font nullfont!
Missing character: There is no n in font nullfont!
Missing character: There is no , in font nullfont!
Missing character: There is no R in font nullfont!
Missing character: There is no B in font nullfont!
Missing character: There is no r in font nullfont!
Missing character: There is no a in font nullfont!
Missing character: There is no u in font nullfont!
Missing character: There is no n in font nullfont!
Missing character: There is no , in font nullfont!
Missing character: There is no Y in font nullfont!
Missing character: There is no G in font nullfont!
Missing character: There is no u in font nullfont!
Missing character: There is no o in font nullfont!
Missing character: There is no , in font nullfont!
Missing character: There is no M in font nullfont!
Missing character: There is no A in font nullfont!
Missing character: There is no M in font nullfont!
Missing character: There is no i in font nullfont!
Missing character: There is no r in font nullfont!
Missing character: There is no r in font nullfont!
Missing character: There is no e in font nullfont!
Missing character: There is no z in font nullfont!
Missing character: There is no a in font nullfont!
Missing character: There is no e in font nullfont!
Missing character: There is no i in font nullfont!
Missing character: There is no , in font nullfont!
Missing character: There is no . in font nullfont!
Missing character: There is no . in font nullfont!
Missing character: There is no 2 in font nullfont!
Missing character: There is no 0 in font nullfont!
Missing character: There is no 2 in font nullfont!
Missing character: There is no 4 in font nullfont!
Missing character: There is no . in font nullfont!
! Undefined control sequence.
l.60 ...f Past Work and Steps Ahead}. 2024.  \href
                                                  {https://doi.org/10.1021/a...
The control sequence at the end of the top line
of your error message was never \def'ed. If you have
misspelled it (e.g., `\hobx'), type `I' and the correct
spelling (e.g., `I\hbox'). Otherwise just continue,
and I'll forget about whatever was undefined.

Missing character: There is no h in font nullfont!
Missing character: There is no t in font nullfont!
Missing character: There is no t in font nullfont!
Missing character: There is no p in font nullfont!
Missing character: There is no s in font nullfont!
Missing character: There is no : in font nullfont!
Missing character: There is no / in font nullfont!
Missing character: There is no / in font nullfont!
Missing character: There is no d in font nullfont!
Missing character: There is no o in font nullfont!
Missing character: There is no i in font nullfont!
Missing character: There is no . in font nullfont!
Missing character: There is no o in font nullfont!
Missing character: There is no r in font nullfont!
Missing character: There is no g in font nullfont!
Missing character: There is no / in font nullfont!
Missing character: There is no 1 in font nullfont!
Missing character: There is no 0 in font nullfont!
Missing character: There is no . in font nullfont!
Missing character: There is no 1 in font nullfont!
Missing character: There is no 0 in font nullfont!
Missing character: There is no 2 in font nullfont!
Missing character: There is no 1 in font nullfont!
Missing character: There is no / in font nullfont!
Missing character: There is no a in font nullfont!
Missing character: There is no c in font nullfont!
Missing character: There is no s in font nullfont!
Missing character: There is no e in font nullfont!
Missing character: There is no s in font nullfont!
Missing character: There is no t in font nullfont!
Missing character: There is no a in font nullfont!
Missing character: There is no i in font nullfont!
Missing character: There is no r in font nullfont!
Missing character: There is no . in font nullfont!
Missing character: There is no 3 in font nullfont!
Missing character: There is no c in font nullfont!
Missing character: There is no 0 in font nullfont!
Missing character: There is no 0 in font nullfont!
Missing character: There is no 0 in font nullfont!
Missing character: There is no 3 in font nullfont!
Missing character: There is no 3 in font nullfont!
Missing character: There is no , in font nullfont!
Missing character: There is no 6 in font nullfont!
Missing character: There is no 2 in font nullfont!
Missing character: There is no - in font nullfont!
Missing character: There is no - in font nullfont!
Missing character: There is no 7 in font nullfont!
Missing character: There is no 9 in font nullfont!
Missing character: There is no . in font nullfont!

! LaTeX Error: Something's wrong--perhaps a missing \item.

See the LaTeX manual or LaTeX Companion for explanation.
Type  H <return>  for immediate help.
 ...                                              
                                                  
l.62 	\item D
              Das, S Chiao, \textbf{C Roychoudhury}, F Khan, S Chaudhuri, S ...

Try typing  <return>  to proceed.
If that doesn't work, type  X <return>  to quit.


! LaTeX Error: Something's wrong--perhaps a missing \item.

See the LaTeX manual or LaTeX Companion for explanation.
Type  H <return>  for immediate help.
 ...                                              
                                                  
l.62 	\item D
              Das, S Chiao, \textbf{C Roychoudhury}, F Khan, S Chaudhuri, S ...

Try typing  <return>  to proceed.
If that doesn't work, type  X <return>  to quit.


! LaTeX Error: Something's wrong--perhaps a missing \item.

See the LaTeX manual or LaTeX Companion for explanation.
Type  H <return>  for immediate help.
 ...                                              
                                                  
l.62 	\item D
              Das, S Chiao, \textbf{C Roychoudhury}, F Khan, S Chaudhuri, S ...

Try typing  <return>  to proceed.
If that doesn't work, type  X <return>  to quit.

Missing character: There is no D in font nullfont!
Missing character: There is no D in font nullfont!
Missing character: There is no a in font nullfont!
Missing character: There is no s in font nullfont!
Missing character: There is no , in font nullfont!
Missing character: There is no S in font nullfont!
Missing character: There is no C in font nullfont!
Missing character: There is no h in font nullfont!
Missing character: There is no i in font nullfont!
Missing character: There is no a in font nullfont!
Missing character: There is no o in font nullfont!
Missing character: There is no , in font nullfont!
Missing character: There is no , in font nullfont!
Missing character: There is no F in font nullfont!
Missing character: There is no K in font nullfont!
Missing character: There is no h in font nullfont!
Missing character: There is no a in font nullfont!
Missing character: There is no n in font nullfont!
Missing character: There is no , in font nullfont!
Missing character: There is no S in font nullfont!
Missing character: There is no C in font nullfont!
Missing character: There is no h in font nullfont!
Missing character: There is no a in font nullfont!
Missing character: There is no u in font nullfont!
Missing character: There is no d in font nullfont!
Missing character: There is no h in font nullfont!
Missing character: There is no u in font nullfont!
Missing character: There is no r in font nullfont!
Missing character: There is no i in font nullfont!
Missing character: There is no , in font nullfont!
Missing character: There is no S in font nullfont!
Missing character: There is no M in font nullfont!
Missing character: There is no u in font nullfont!
Missing character: There is no k in font nullfont!
Missing character: There is no h in font nullfont!
Missing character: There is no e in font nullfont!
Missing character: There is no r in font nullfont!
Missing character: There is no j in font nullfont!
Missing character: There is no e in font nullfont!
Missing character: There is no e in font nullfont!
Missing character: There is no . in font nullfont!
Missing character: There is no . in font nullfont!
Missing character: There is no 2 in font nullfont!
Missing character: There is no 0 in font nullfont!
Missing character: There is no 2 in font nullfont!
Missing character: There is no 3 in font nullfont!
Missing character: There is no . in font nullfont!
! Undefined control sequence.
l.63 	\href
           {https://www.mdpi.com/2225-1154/11/12/232}{\textit{Climate, 11}},...
The control sequence at the end of the top line
of your error message was never \def'ed. If you have
misspelled it (e.g., `\hobx'), type `I' and the correct
spelling (e.g., `I\hbox'). Otherwise just continue,
and I'll forget about whatever was undefined.

Missing character: There is no h in font nullfont!
Missing character: There is no t in font nullfont!
Missing character: There is no t in font nullfont!
Missing character: There is no p in font nullfont!
Missing character: There is no s in font nullfont!
Missing character: There is no : in font nullfont!
Missing character: There is no / in font nullfont!
Missing character: There is no / in font nullfont!
Missing character: There is no w in font nullfont!
Missing character: There is no w in font nullfont!
Missing character: There is no w in font nullfont!
Missing character: There is no . in font nullfont!
Missing character: There is no m in font nullfont!
Missing character: There is no d in font nullfont!
Missing character: There is no p in font nullfont!
Missing character: There is no i in font nullfont!
Missing character: There is no . in font nullfont!
Missing character: There is no c in font nullfont!
Missing character: There is no o in font nullfont!
Missing character: There is no m in font nullfont!
Missing character: There is no / in font nullfont!
Missing character: There is no 2 in font nullfont!
Missing character: There is no 2 in font nullfont!
Missing character: There is no 2 in font nullfont!
Missing character: There is no 5 in font nullfont!
Missing character: There is no - in font nullfont!
Missing character: There is no 1 in font nullfont!
Missing character: There is no 1 in font nullfont!
Missing character: There is no 5 in font nullfont!
Missing character: There is no 4 in font nullfont!
Missing character: There is no / in font nullfont!
Missing character: There is no 1 in font nullfont!
Missing character: There is no 1 in font nullfont!
Missing character: There is no / in font nullfont!
Missing character: There is no 1 in font nullfont!
Missing character: There is no 2 in font nullfont!
Missing character: There is no / in font nullfont!
Missing character: There is no 2 in font nullfont!
Missing character: There is no 3 in font nullfont!
Missing character: There is no 2 in font nullfont!
Missing character: There is no , in font nullfont!
Missing character: There is no 2 in font nullfont!
Missing character: There is no 3 in font nullfont!
Missing character: There is no 2 in font nullfont!
Missing character: There is no . in font nullfont!

! LaTeX Error: Something's wrong--perhaps a missing \item.

See the LaTeX manual or LaTeX Companion for explanation.
Type  H <return>  for immediate help.
 ...                                              
                                                  
l.65 \end{enumerate}
                    
Try typing  <return>  to proceed.
If that doesn't work, type  X <return>  to quit.


Overfull \hbox (8.30551pt too wide) in paragraph at lines 38--65
\OT1/cmr/bx/n/10 C
 []


Overfull \hbox (23.9582pt too wide) in paragraph at lines 38--65
\OT1/cmr/bx/n/10 Roy-
 []


Overfull \hbox (33.54149pt too wide) in paragraph at lines 38--65
\OT1/cmr/bx/n/10 choud-
 []


Overfull \hbox (23.26378pt too wide) in paragraph at lines 38--65
\OT1/cmr/bx/n/10 hury
 []


Overfull \hbox (28.74289pt too wide) in paragraph at lines 38--65
\OT1/cmr/bx/n/10 Earth
 []


Overfull \hbox (20.82765pt too wide) in paragraph at lines 38--65
\OT1/cmr/bx/n/10 Sys-
 []


Overfull \hbox (19.3263pt too wide) in paragraph at lines 38--65
\OT1/cmr/bx/n/10 tem
 []


Overfull \hbox (21.7013pt too wide) in paragraph at lines 38--65
\OT1/cmr/bx/n/10 Pre-
 []


Overfull \hbox (41.36781pt too wide) in paragraph at lines 38--65
\OT1/cmr/bx/n/10 dictabil-
 []


Overfull \hbox (13.4166pt too wide) in paragraph at lines 38--65
\OT1/cmr/bx/n/10 ity
 []


Overfull \hbox (33.3637pt too wide) in paragraph at lines 38--65
\OT1/cmr/bx/n/10 Across
 []


Overfull \hbox (26.04848pt too wide) in paragraph at lines 38--65
\OT1/cmr/bx/n/10 Time
 []


Overfull \hbox (30.09148pt too wide) in paragraph at lines 38--65
\OT1/cmr/bx/n/10 Scales
 []


Overfull \hbox (13.99994pt too wide) in paragraph at lines 38--65
\OT1/cmr/bx/n/10 for
 []


Overfull \hbox (5.59023pt too wide) in paragraph at lines 38--65
\OT1/cmr/bx/n/10 a
 []


Overfull \hbox (17.72908pt too wide) in paragraph at lines 38--65
\OT1/cmr/bx/n/10 Re-
 []


Overfull \hbox (29.93178pt too wide) in paragraph at lines 38--65
\OT1/cmr/bx/n/10 silient
 []


Overfull \hbox (15.97214pt too wide) in paragraph at lines 38--65
\OT1/cmr/bx/n/10 So-
 []


Overfull \hbox (12.13882pt too wide) in paragraph at lines 38--65
\OT1/cmr/bx/n/10 ci-
 []


Overfull \hbox (18.68741pt too wide) in paragraph at lines 38--65
\OT1/cmr/bx/n/10 ety:
 []


Overfull \hbox (8.6944pt too wide) in paragraph at lines 38--65
\OT1/cmr/bx/n/10 A
 []


Overfull \hbox (17.72908pt too wide) in paragraph at lines 38--65
\OT1/cmr/bx/n/10 Re-
 []


Overfull \hbox (31.3137pt too wide) in paragraph at lines 38--65
\OT1/cmr/bx/n/10 search
 []


Overfull \hbox (27.47208pt too wide) in paragraph at lines 38--65
\OT1/cmr/bx/n/10 Com-
 []


Overfull \hbox (19.48601pt too wide) in paragraph at lines 38--65
\OT1/cmr/bx/n/10 mu-
 []


Overfull \hbox (19.80545pt too wide) in paragraph at lines 38--65
\OT1/cmr/bx/n/10 nity
 []


Overfull \hbox (21.38185pt too wide) in paragraph at lines 38--65
\OT1/cmr/bx/n/10 Per-
 []


Overfull \hbox (25.45958pt too wide) in paragraph at lines 38--65
\OT1/cmr/bx/n/10 spec-
 []


Overfull \hbox (18.68741pt too wide) in paragraph at lines 38--65
\OT1/cmr/bx/n/10 tive
 []


Overfull \hbox (272.47607pt too wide) in paragraph at lines 38--65
\OT1/cmr/m/it/10 https://journals.ametsoc.org/view/journals/bams/aop/BAMS-
 []


Overfull \hbox (11.12769pt too wide) in paragraph at lines 38--65
\OT1/cmr/m/it/10 D-
 []


Overfull \hbox (13.79991pt too wide) in paragraph at lines 38--65
\OT1/cmr/m/it/10 24-
 []


Overfull \hbox (66.37184pt too wide) in paragraph at lines 38--65
\OT1/cmr/m/it/10 0155.1/BAMS-
 []


Overfull \hbox (11.12769pt too wide) in paragraph at lines 38--65
\OT1/cmr/m/it/10 D-
 []


Overfull \hbox (13.79991pt too wide) in paragraph at lines 38--65
\OT1/cmr/m/it/10 24-
 []


Overfull \hbox (81.69954pt too wide) in paragraph at lines 38--65
\OT1/cmr/m/it/10 0155.1.xmlBulletin
 []


Overfull \hbox (8.17773pt too wide) in paragraph at lines 38--65
\OT1/cmr/m/it/10 of
 []


Overfull \hbox (13.03323pt too wide) in paragraph at lines 38--65
\OT1/cmr/m/it/10 the
 []


Overfull \hbox (27.74979pt too wide) in paragraph at lines 38--65
\OT1/cmr/m/it/10 Amer-
 []


Overfull \hbox (6.6444pt too wide) in paragraph at lines 38--65
\OT1/cmr/m/it/10 i-
 []


Overfull \hbox (14.82211pt too wide) in paragraph at lines 38--65
\OT1/cmr/m/it/10 can
 []


Overfull \hbox (17.14432pt too wide) in paragraph at lines 38--65
\OT1/cmr/m/it/10 Me-
 []


Overfull \hbox (11.4999pt too wide) in paragraph at lines 38--65
\OT1/cmr/m/it/10 te-
 []


Overfull \hbox (8.68883pt too wide) in paragraph at lines 38--65
\OT1/cmr/m/it/10 o-
 []


Overfull \hbox (12.39433pt too wide) in paragraph at lines 38--65
\OT1/cmr/m/it/10 ro-
 []


Overfull \hbox (15.3332pt too wide) in paragraph at lines 38--65
\OT1/cmr/m/it/10 log-
 []


Overfull \hbox (6.6444pt too wide) in paragraph at lines 38--65
\OT1/cmr/m/it/10 i-
 []


Overfull \hbox (11.75546pt too wide) in paragraph at lines 38--65
\OT1/cmr/m/it/10 cal
 []


Overfull \hbox (14.31102pt too wide) in paragraph at lines 38--65
\OT1/cmr/m/it/10 So-
 []


Overfull \hbox (11.24435pt too wide) in paragraph at lines 38--65
\OT1/cmr/m/it/10 ci-
 []


Overfull \hbox (12.77766pt too wide) in paragraph at lines 38--65
\OT1/cmr/m/it/10 ety
 []


Overfull \hbox (8.30551pt too wide) in paragraph at lines 38--65
\OT1/cmr/bx/n/10 C
 []


Overfull \hbox (23.9582pt too wide) in paragraph at lines 38--65
\OT1/cmr/bx/n/10 Roy-
 []


Overfull \hbox (33.54149pt too wide) in paragraph at lines 38--65
\OT1/cmr/bx/n/10 choud-
 []


Overfull \hbox (23.26378pt too wide) in paragraph at lines 38--65
\OT1/cmr/bx/n/10 hury
 []


Overfull \hbox (35.61784pt too wide) in paragraph at lines 38--65
\OT1/cmr/bx/n/10 Spatio-
 []


Overfull \hbox (45.30531pt too wide) in paragraph at lines 38--65
\OT1/cmr/bx/n/10 temporal
 []


Overfull \hbox (20.28459pt too wide) in paragraph at lines 38--65
\OT1/cmr/bx/n/10 pat-
 []


Overfull \hbox (20.86797pt too wide) in paragraph at lines 38--65
\OT1/cmr/bx/n/10 tern
 []


Overfull \hbox (24.59705pt too wide) in paragraph at lines 38--65
\OT1/cmr/bx/n/10 anal-
 []


Overfull \hbox (9.90273pt too wide) in paragraph at lines 38--65
\OT1/cmr/bx/n/10 y-
 []


Overfull \hbox (12.26657pt too wide) in paragraph at lines 38--65
\OT1/cmr/bx/n/10 sis
 []


Overfull \hbox (9.26384pt too wide) in paragraph at lines 38--65
\OT1/cmr/bx/n/10 of
 []


Overfull \hbox (23.38876pt too wide) in paragraph at lines 38--65
\OT1/cmr/bx/n/10 MO-
 []


Overfull \hbox (28.22206pt too wide) in paragraph at lines 38--65
\OT1/cmr/bx/n/10 PITT
 []


Overfull \hbox (14.05548pt too wide) in paragraph at lines 38--65
\OT1/cmr/bx/n/10 to-
 []


Overfull \hbox (13.25685pt too wide) in paragraph at lines 38--65
\OT1/cmr/bx/n/10 tal
 []


Overfull \hbox (17.8888pt too wide) in paragraph at lines 38--65
\OT1/cmr/bx/n/10 col-
 []


Overfull \hbox (22.361pt too wide) in paragraph at lines 38--65
\OT1/cmr/bx/n/10 umn
 []


Overfull \hbox (16.94435pt too wide) in paragraph at lines 38--65
\OT1/cmr/bx/n/10 CO
 []


Overfull \hbox (14.75824pt too wide) in paragraph at lines 38--65
\OT1/cmr/bx/n/10 us-
 []


Overfull \hbox (15.33325pt too wide) in paragraph at lines 38--65
\OT1/cmr/bx/n/10 ing
 []


Overfull \hbox (22.78459pt too wide) in paragraph at lines 38--65
\OT1/cmr/bx/n/10 vari-
 []


Overfull \hbox (21.24292pt too wide) in paragraph at lines 38--65
\OT1/cmr/bx/n/10 max
 []


Overfull \hbox (14.31938pt too wide) in paragraph at lines 38--65
\OT1/cmr/bx/n/10 ro-
 []


Overfull \hbox (13.89574pt too wide) in paragraph at lines 38--65
\OT1/cmr/bx/n/10 ta-
 []


Overfull \hbox (19.80545pt too wide) in paragraph at lines 38--65
\OT1/cmr/bx/n/10 tion
 []


Overfull \hbox (18.36794pt too wide) in paragraph at lines 38--65
\OT1/cmr/bx/n/10 and
 []


Overfull \hbox (17.95267pt too wide) in paragraph at lines 38--65
\OT1/cmr/bx/n/10 sin-
 []


Overfull \hbox (15.97214pt too wide) in paragraph at lines 38--65
\OT1/cmr/bx/n/10 gu-
 []


Overfull \hbox (13.52075pt too wide) in paragraph at lines 38--65
\OT1/cmr/bx/n/10 lar
 []


Overfull \hbox (25.45958pt too wide) in paragraph at lines 38--65
\OT1/cmr/bx/n/10 spec-
 []


Overfull \hbox (25.18044pt too wide) in paragraph at lines 38--65
\OT1/cmr/bx/n/10 trum
 []


Overfull \hbox (24.59705pt too wide) in paragraph at lines 38--65
\OT1/cmr/bx/n/10 anal-
 []


Overfull \hbox (9.90273pt too wide) in paragraph at lines 38--65
\OT1/cmr/bx/n/10 y-
 []


Overfull \hbox (12.26657pt too wide) in paragraph at lines 38--65
\OT1/cmr/bx/n/10 sis
 []


Overfull \hbox (152.82121pt too wide) in paragraph at lines 38--65
\OT1/cmr/m/it/10 https://doi.org/10.5194/egusphere-
 []


Overfull \hbox (24.02208pt too wide) in paragraph at lines 38--65
\OT1/cmr/m/it/10 2024-
 []


Overfull \hbox (75.0273pt too wide) in paragraph at lines 38--65
\OT1/cmr/m/it/10 3440Atmospheric
 []


Overfull \hbox (21.74428pt too wide) in paragraph at lines 38--65
\OT1/cmr/m/it/10 Mea-
 []


Overfull \hbox (21.33871pt too wide) in paragraph at lines 38--65
\OT1/cmr/m/it/10 sure-
 []


Overfull \hbox (21.72208pt too wide) in paragraph at lines 38--65
\OT1/cmr/m/it/10 ment
 []


Overfull \hbox (23.76646pt too wide) in paragraph at lines 38--65
\OT1/cmr/m/it/10 Tech-
 []


Overfull \hbox (27.34427pt too wide) in paragraph at lines 38--65
\OT1/cmr/m/it/10 niques
 []


Overfull \hbox (8.30551pt too wide) in paragraph at lines 38--65
[]\OT1/cmr/bx/n/10 C
 []


Overfull \hbox (23.9582pt too wide) in paragraph at lines 38--65
\OT1/cmr/bx/n/10 Roy-
 []


Overfull \hbox (33.54149pt too wide) in paragraph at lines 38--65
\OT1/cmr/bx/n/10 choud-
 []


Overfull \hbox (23.26378pt too wide) in paragraph at lines 38--65
\OT1/cmr/bx/n/10 hury
 []


Overfull \hbox (15.84714pt too wide) in paragraph at lines 38--65
\OT1/cmr/bx/n/10 Di-
 []


Overfull \hbox (15.17351pt too wide) in paragraph at lines 38--65
\OT1/cmr/bx/n/10 ag-
 []


Overfull \hbox (20.50821pt too wide) in paragraph at lines 38--65
\OT1/cmr/bx/n/10 nos-
 []


Overfull \hbox (15.33325pt too wide) in paragraph at lines 38--65
\OT1/cmr/bx/n/10 ing
 []


Overfull \hbox (41.76506pt too wide) in paragraph at lines 38--65
\OT1/cmr/bx/n/10 Aerosol-
 []


Overfull \hbox (73.951pt too wide) in paragraph at lines 38--65
\OT1/cmr/bx/n/10 Meteorological
 []


Overfull \hbox (14.58325pt too wide) in paragraph at lines 38--65
\OT1/cmr/bx/n/10 In-
 []


Overfull \hbox (18.31242pt too wide) in paragraph at lines 38--65
\OT1/cmr/bx/n/10 ter-
 []


Overfull \hbox (14.53462pt too wide) in paragraph at lines 38--65
\OT1/cmr/bx/n/10 ac-
 []


Overfull \hbox (24.34152pt too wide) in paragraph at lines 38--65
\OT1/cmr/bx/n/10 tions
 []


Overfull \hbox (12.13882pt too wide) in paragraph at lines 38--65
\OT1/cmr/bx/n/10 on
 []


Overfull \hbox (26.51375pt too wide) in paragraph at lines 38--65
\OT1/cmr/bx/n/10 Snow
 []


Overfull \hbox (31.94427pt too wide) in paragraph at lines 38--65
\OT1/cmr/bx/n/10 within
 []


Overfull \hbox (16.13187pt too wide) in paragraph at lines 38--65
\OT1/cmr/bx/n/10 the
 []


Overfull \hbox (28.74289pt too wide) in paragraph at lines 38--65
\OT1/cmr/bx/n/10 Earth
 []


Overfull \hbox (20.82765pt too wide) in paragraph at lines 38--65
\OT1/cmr/bx/n/10 Sys-
 []


Overfull \hbox (22.52072pt too wide) in paragraph at lines 38--65
\OT1/cmr/bx/n/10 tem:
 []


Overfull \hbox (8.6944pt too wide) in paragraph at lines 38--65
\OT1/cmr/bx/n/10 A
 []


Overfull \hbox (31.76373pt too wide) in paragraph at lines 38--65
\OT1/cmr/bx/n/10 Proof-
 []


Overfull \hbox (13.09715pt too wide) in paragraph at lines 38--65
\OT1/cmr/bx/n/10 of-
 []


Overfull \hbox (41.68729pt too wide) in paragraph at lines 38--65
\OT1/cmr/bx/n/10 Concept
 []


Overfull \hbox (29.70818pt too wide) in paragraph at lines 38--65
\OT1/cmr/bx/n/10 Study
 []


Overfull \hbox (21.18741pt too wide) in paragraph at lines 38--65
\OT1/cmr/bx/n/10 over
 []


Overfull \hbox (24.3332pt too wide) in paragraph at lines 38--65
\OT1/cmr/bx/n/10 High
 []


Overfull \hbox (33.2776pt too wide) in paragraph at lines 38--65
\OT1/cmr/bx/n/10 Moun-
 []


Overfull \hbox (19.6457pt too wide) in paragraph at lines 38--65
\OT1/cmr/bx/n/10 tain
 []


Overfull \hbox (22.01512pt too wide) in paragraph at lines 38--65
\OT1/cmr/bx/n/10 Asia
 []


Overfull \hbox (125.34923pt too wide) in paragraph at lines 38--65
\OT1/cmr/m/it/10 https://doi.org/10.5194/esd-
 []


Overfull \hbox (13.79991pt too wide) in paragraph at lines 38--65
\OT1/cmr/m/it/10 16-
 []


Overfull \hbox (24.02208pt too wide) in paragraph at lines 38--65
\OT1/cmr/m/it/10 1237-
 []


Overfull \hbox (44.98862pt too wide) in paragraph at lines 38--65
\OT1/cmr/m/it/10 2025Earth
 []


Overfull \hbox (18.14432pt too wide) in paragraph at lines 38--65
\OT1/cmr/m/it/10 Sys-
 []


Overfull \hbox (16.09988pt too wide) in paragraph at lines 38--65
\OT1/cmr/m/it/10 tem
 []


Overfull \hbox (15.9832pt too wide) in paragraph at lines 38--65
\OT1/cmr/m/it/10 Dy-
 []


Overfull \hbox (22.48875pt too wide) in paragraph at lines 38--65
\OT1/cmr/m/it/10 nam-
 []


Overfull \hbox (14.82213pt too wide) in paragraph at lines 38--65
\OT1/cmr/m/it/10 ics,
 []


Overfull \hbox (10.22217pt too wide) in paragraph at lines 38--65
\OT1/cmr/m/it/10 16
 []


Overfull \hbox (8.30551pt too wide) in paragraph at lines 38--65
[]\OT1/cmr/bx/n/10 C
 []


Overfull \hbox (23.9582pt too wide) in paragraph at lines 38--65
\OT1/cmr/bx/n/10 Roy-
 []


Overfull \hbox (33.54149pt too wide) in paragraph at lines 38--65
\OT1/cmr/bx/n/10 choud-
 []


Overfull \hbox (23.26378pt too wide) in paragraph at lines 38--65
\OT1/cmr/bx/n/10 hury
 []


Overfull \hbox (15.0277pt too wide) in paragraph at lines 38--65
\OT1/cmr/bx/n/10 On
 []


Overfull \hbox (16.13187pt too wide) in paragraph at lines 38--65
\OT1/cmr/bx/n/10 the
 []


Overfull \hbox (17.03465pt too wide) in paragraph at lines 38--65
\OT1/cmr/bx/n/10 rel-
 []


Overfull \hbox (9.10413pt too wide) in paragraph at lines 38--65
\OT1/cmr/bx/n/10 e-
 []


Overfull \hbox (27.7915pt too wide) in paragraph at lines 38--65
\OT1/cmr/bx/n/10 vance
 []


Overfull \hbox (9.26384pt too wide) in paragraph at lines 38--65
\OT1/cmr/bx/n/10 of
 []


Overfull \hbox (39.36365pt too wide) in paragraph at lines 38--65
\OT1/cmr/bx/n/10 aerosols
 []


Overfull \hbox (10.22217pt too wide) in paragraph at lines 38--65
\OT1/cmr/bx/n/10 to
 []


Overfull \hbox (24.66096pt too wide) in paragraph at lines 38--65
\OT1/cmr/bx/n/10 snow
 []


Overfull \hbox (26.2985pt too wide) in paragraph at lines 38--65
\OT1/cmr/bx/n/10 cover
 []


Overfull \hbox (22.78459pt too wide) in paragraph at lines 38--65
\OT1/cmr/bx/n/10 vari-
 []


Overfull \hbox (22.20125pt too wide) in paragraph at lines 38--65
\OT1/cmr/bx/n/10 abil-
 []


Overfull \hbox (13.4166pt too wide) in paragraph at lines 38--65
\OT1/cmr/bx/n/10 ity
 []


Overfull \hbox (21.18741pt too wide) in paragraph at lines 38--65
\OT1/cmr/bx/n/10 over
 []


Overfull \hbox (24.3332pt too wide) in paragraph at lines 38--65
\OT1/cmr/bx/n/10 High
 []


Overfull \hbox (33.2776pt too wide) in paragraph at lines 38--65
\OT1/cmr/bx/n/10 Moun-
 []


Overfull \hbox (19.6457pt too wide) in paragraph at lines 38--65
\OT1/cmr/bx/n/10 tain
 []


Overfull \hbox (22.01512pt too wide) in paragraph at lines 38--65
\OT1/cmr/bx/n/10 Asia
 []


Overfull \hbox (20.51373pt too wide) in paragraph at lines 38--65
\OT1/cmr/m/it/10 Geo-
 []


Overfull \hbox (22.7443pt too wide) in paragraph at lines 38--65
\OT1/cmr/m/it/10 phys-
 []


Overfull \hbox (6.6444pt too wide) in paragraph at lines 38--65
\OT1/cmr/m/it/10 i-
 []


Overfull \hbox (11.75546pt too wide) in paragraph at lines 38--65
\OT1/cmr/m/it/10 cal
 []


Overfull \hbox (14.96098pt too wide) in paragraph at lines 38--65
\OT1/cmr/m/it/10 Re-
 []


Overfull \hbox (26.70534pt too wide) in paragraph at lines 38--65
\OT1/cmr/m/it/10 search
 []


Overfull \hbox (17.26094pt too wide) in paragraph at lines 38--65
\OT1/cmr/m/it/10 Let-
 []


Overfull \hbox (19.2943pt too wide) in paragraph at lines 38--65
\OT1/cmr/m/it/10 ters,
 []


Overfull \hbox (10.22217pt too wide) in paragraph at lines 38--65
\OT1/cmr/m/it/10 49
 []


Overfull \hbox (8.30551pt too wide) in paragraph at lines 38--65
\OT1/cmr/bx/n/10 C
 []


Overfull \hbox (23.9582pt too wide) in paragraph at lines 38--65
\OT1/cmr/bx/n/10 Roy-
 []


Overfull \hbox (33.54149pt too wide) in paragraph at lines 38--65
\OT1/cmr/bx/n/10 choud-
 []


Overfull \hbox (23.26378pt too wide) in paragraph at lines 38--65
\OT1/cmr/bx/n/10 hury
 []


Overfull \hbox (24.3332pt too wide) in paragraph at lines 38--65
\OT1/cmr/bx/n/10 High
 []


Overfull \hbox (33.2776pt too wide) in paragraph at lines 38--65
\OT1/cmr/bx/n/10 Moun-
 []


Overfull \hbox (19.6457pt too wide) in paragraph at lines 38--65
\OT1/cmr/bx/n/10 tain
 []


Overfull \hbox (22.01512pt too wide) in paragraph at lines 38--65
\OT1/cmr/bx/n/10 Asia
 []


Overfull \hbox (11.49994pt too wide) in paragraph at lines 38--65
\OT1/cmr/bx/n/10 12
 []


Overfull \hbox (15.6527pt too wide) in paragraph at lines 38--65
\OT1/cmr/bx/n/10 km
 []


Overfull \hbox (27.20819pt too wide) in paragraph at lines 38--65
\OT1/cmr/bx/n/10 Mod-
 []


Overfull \hbox (20.12491pt too wide) in paragraph at lines 38--65
\OT1/cmr/bx/n/10 eled
 []


Overfull \hbox (15.9249pt too wide) in paragraph at lines 38--65
\OT1/cmr/bx/n/10 Es-
 []


Overfull \hbox (11.49994pt too wide) in paragraph at lines 38--65
\OT1/cmr/bx/n/10 ti-
 []


Overfull \hbox (29.45259pt too wide) in paragraph at lines 38--65
\OT1/cmr/bx/n/10 mates
 []


Overfull \hbox (9.26384pt too wide) in paragraph at lines 38--65
\OT1/cmr/bx/n/10 of
 []


Overfull \hbox (37.93175pt too wide) in paragraph at lines 38--65
\OT1/cmr/bx/n/10 Aerosol
 []


Overfull \hbox (32.12619pt too wide) in paragraph at lines 38--65
\OT1/cmr/bx/n/10 Trans-
 []


Overfull \hbox (24.861pt too wide) in paragraph at lines 38--65
\OT1/cmr/bx/n/10 port,
 []


Overfull \hbox (33.38177pt too wide) in paragraph at lines 38--65
\OT1/cmr/bx/n/10 Chem-
 []


Overfull \hbox (25.24431pt too wide) in paragraph at lines 38--65
\OT1/cmr/bx/n/10 istry,
 []


Overfull \hbox (18.36794pt too wide) in paragraph at lines 38--65
\OT1/cmr/bx/n/10 and
 []


Overfull \hbox (17.92352pt too wide) in paragraph at lines 38--65
\OT1/cmr/bx/n/10 De-
 []


Overfull \hbox (16.29158pt too wide) in paragraph at lines 38--65
\OT1/cmr/bx/n/10 po-
 []


Overfull \hbox (11.56381pt too wide) in paragraph at lines 38--65
\OT1/cmr/bx/n/10 si-
 []


Overfull \hbox (19.80545pt too wide) in paragraph at lines 38--65
\OT1/cmr/bx/n/10 tion
 []


Overfull \hbox (17.72908pt too wide) in paragraph at lines 38--65
\OT1/cmr/bx/n/10 Re-
 []


Overfull \hbox (24.59705pt too wide) in paragraph at lines 38--65
\OT1/cmr/bx/n/10 anal-
 []


Overfull \hbox (9.90273pt too wide) in paragraph at lines 38--65
\OT1/cmr/bx/n/10 y-
 []


Overfull \hbox (15.461pt too wide) in paragraph at lines 38--65
\OT1/cmr/bx/n/10 sis,
 []


Overfull \hbox (26.83319pt too wide) in paragraph at lines 38--65
\OT1/cmr/bx/n/10 2003-
 []


Overfull \hbox (26.1943pt too wide) in paragraph at lines 38--65
\OT1/cmr/bx/n/10 2019.
 []


Overfull \hbox (98.82002pt too wide) in paragraph at lines 38--65
\OT1/cmr/bx/n/10 (HMA2[]MATCHA,
 []


Overfull \hbox (21.5763pt too wide) in paragraph at lines 38--65
\OT1/cmr/bx/n/10 Ver-
 []


Overfull \hbox (19.86932pt too wide) in paragraph at lines 38--65
\OT1/cmr/bx/n/10 sion
 []


Overfull \hbox (10.22217pt too wide) in paragraph at lines 38--65
\OT1/cmr/bx/n/10 1)
 []


Overfull \hbox (24.16095pt too wide) in paragraph at lines 38--65
\OT1/cmr/m/it/10 [Data
 []


Overfull \hbox (16.611pt too wide) in paragraph at lines 38--65
\OT1/cmr/m/it/10 Set]
 []


Overfull \hbox (8.30551pt too wide) in paragraph at lines 38--65
\OT1/cmr/bx/n/10 C
 []


Overfull \hbox (23.9582pt too wide) in paragraph at lines 38--65
\OT1/cmr/bx/n/10 Roy-
 []


Overfull \hbox (33.54149pt too wide) in paragraph at lines 38--65
\OT1/cmr/bx/n/10 choud-
 []


Overfull \hbox (23.26378pt too wide) in paragraph at lines 38--65
\OT1/cmr/bx/n/10 hury
 []


Overfull \hbox (9.44446pt too wide) in paragraph at lines 38--65
\/cmr/m/n/10 ^^Re
 []


Overfull \hbox (16.49991pt too wide) in paragraph at lines 38--65
\OT1/cmr/bx/n/10 Lo-
 []


Overfull \hbox (13.89574pt too wide) in paragraph at lines 38--65
\OT1/cmr/bx/n/10 cal
 []


Overfull \hbox (18.36794pt too wide) in paragraph at lines 38--65
\OT1/cmr/bx/n/10 and
 []


Overfull \hbox (13.84023pt too wide) in paragraph at lines 38--65
\OT1/cmr/bx/n/10 re-
 []


Overfull \hbox (29.86787pt too wide) in paragraph at lines 38--65
\OT1/cmr/bx/n/10 gional
 []


Overfull \hbox (15.49298pt too wide) in paragraph at lines 38--65
\OT1/cmr/bx/n/10 en-
 []


Overfull \hbox (32.58315pt too wide) in paragraph at lines 38--65
\OT1/cmr/bx/n/10 hance-
 []


Overfull \hbox (29.93178pt too wide) in paragraph at lines 38--65
\OT1/cmr/bx/n/10 ments
 []


Overfull \hbox (9.26384pt too wide) in paragraph at lines 38--65
\OT1/cmr/bx/n/10 of
 []


Overfull \hbox (26.24986pt too wide) in paragraph at lines 38--65
\OT1/cmr/bx/n/10 CH4,
 []


Overfull \hbox (20.13878pt too wide) in paragraph at lines 38--65
\OT1/cmr/bx/n/10 CO,
 []


Overfull \hbox (18.36794pt too wide) in paragraph at lines 38--65
\OT1/cmr/bx/n/10 and
 []


Overfull \hbox (22.69432pt too wide) in paragraph at lines 38--65
\OT1/cmr/bx/n/10 CO2
 []


Overfull \hbox (13.4166pt too wide) in paragraph at lines 38--65
\OT1/cmr/bx/n/10 in-
 []


Overfull \hbox (29.91655pt too wide) in paragraph at lines 38--65
\OT1/cmr/bx/n/10 ferred
 []


Overfull \hbox (23.58322pt too wide) in paragraph at lines 38--65
\OT1/cmr/bx/n/10 from
 []


Overfull \hbox (20.13878pt too wide) in paragraph at lines 38--65
\OT1/cmr/bx/n/10 TC-
 []


Overfull \hbox (25.9443pt too wide) in paragraph at lines 38--65
\OT1/cmr/bx/n/10 CON
 []


Overfull \hbox (17.8888pt too wide) in paragraph at lines 38--65
\OT1/cmr/bx/n/10 col-
 []


Overfull \hbox (22.361pt too wide) in paragraph at lines 38--65
\OT1/cmr/bx/n/10 umn
 []


Overfull \hbox (24.27763pt too wide) in paragraph at lines 38--65
\OT1/cmr/bx/n/10 mea-
 []


Overfull \hbox (24.76515pt too wide) in paragraph at lines 38--65
\OT1/cmr/bx/n/10 sure-
 []


Overfull \hbox (29.93178pt too wide) in paragraph at lines 38--65
\OT1/cmr/bx/n/10 ments
 []


Overfull \hbox (14.07765pt too wide) in paragraph at lines 38--65
\OT1/cmr/m/it/10 At-
 []


Overfull \hbox (16.86656pt too wide) in paragraph at lines 38--65
\OT1/cmr/m/it/10 mo-
 []


Overfull \hbox (30.79424pt too wide) in paragraph at lines 38--65
\OT1/cmr/m/it/10 spheric
 []


Overfull \hbox (21.74428pt too wide) in paragraph at lines 38--65
\OT1/cmr/m/it/10 Mea-
 []


Overfull \hbox (21.33871pt too wide) in paragraph at lines 38--65
\OT1/cmr/m/it/10 sure-
 []


Overfull \hbox (21.72208pt too wide) in paragraph at lines 38--65
\OT1/cmr/m/it/10 ment
 []


Overfull \hbox (23.76646pt too wide) in paragraph at lines 38--65
\OT1/cmr/m/it/10 Tech-
 []


Overfull \hbox (30.41092pt too wide) in paragraph at lines 38--65
\OT1/cmr/m/it/10 niques,
 []


Overfull \hbox (10.22217pt too wide) in paragraph at lines 38--65
\OT1/cmr/m/it/10 17
 []


Overfull \hbox (8.30551pt too wide) in paragraph at lines 38--65
\OT1/cmr/bx/n/10 C
 []


Overfull \hbox (23.9582pt too wide) in paragraph at lines 38--65
\OT1/cmr/bx/n/10 Roy-
 []


Overfull \hbox (33.54149pt too wide) in paragraph at lines 38--65
\OT1/cmr/bx/n/10 choud-
 []


Overfull \hbox (23.26378pt too wide) in paragraph at lines 38--65
\OT1/cmr/bx/n/10 hury
 []


Overfull \hbox (15.0277pt too wide) in paragraph at lines 38--65
\OT1/cmr/bx/n/10 On
 []


Overfull \hbox (36.00119pt too wide) in paragraph at lines 38--65
\OT1/cmr/bx/n/10 ozone's
 []


Overfull \hbox (33.86095pt too wide) in paragraph at lines 38--65
\OT1/cmr/bx/n/10 weekly
 []


Overfull \hbox (15.01381pt too wide) in paragraph at lines 38--65
\OT1/cmr/bx/n/10 cy-
 []


Overfull \hbox (13.57632pt too wide) in paragraph at lines 38--65
\OT1/cmr/bx/n/10 cle
 []


Overfull \hbox (13.99994pt too wide) in paragraph at lines 38--65
\OT1/cmr/bx/n/10 for
 []


Overfull \hbox (16.93047pt too wide) in paragraph at lines 38--65
\OT1/cmr/bx/n/10 dif-
 []


Overfull \hbox (17.3541pt too wide) in paragraph at lines 38--65
\OT1/cmr/bx/n/10 fer-
 []


Overfull \hbox (15.81242pt too wide) in paragraph at lines 38--65
\OT1/cmr/bx/n/10 ent
 []


Overfull \hbox (19.23042pt too wide) in paragraph at lines 38--65
\OT1/cmr/bx/n/10 sea-
 []


Overfull \hbox (21.21097pt too wide) in paragraph at lines 38--65
\OT1/cmr/bx/n/10 sons
 []


Overfull \hbox (9.58328pt too wide) in paragraph at lines 38--65
\OT1/cmr/bx/n/10 in
 []


Overfull \hbox (20.45824pt too wide) in paragraph at lines 38--65
\OT1/cmr/bx/n/10 Ari-
 []


Overfull \hbox (22.84013pt too wide) in paragraph at lines 38--65
\OT1/cmr/bx/n/10 zona
 []


Overfull \hbox (14.07765pt too wide) in paragraph at lines 38--65
\OT1/cmr/m/it/10 At-
 []


Overfull \hbox (16.86656pt too wide) in paragraph at lines 38--65
\OT1/cmr/m/it/10 mo-
 []


Overfull \hbox (30.79424pt too wide) in paragraph at lines 38--65
\OT1/cmr/m/it/10 spheric
 []


Overfull \hbox (15.98323pt too wide) in paragraph at lines 38--65
\OT1/cmr/m/it/10 En-
 []


Overfull \hbox (11.24435pt too wide) in paragraph at lines 38--65
\OT1/cmr/m/it/10 vi-
 []


Overfull \hbox (18.01653pt too wide) in paragraph at lines 38--65
\OT1/cmr/m/it/10 ron-
 []


Overfull \hbox (21.72208pt too wide) in paragraph at lines 38--65
\OT1/cmr/m/it/10 ment
 []


Overfull \hbox (8.30551pt too wide) in paragraph at lines 38--65
\OT1/cmr/bx/n/10 C
 []


Overfull \hbox (23.9582pt too wide) in paragraph at lines 38--65
\OT1/cmr/bx/n/10 Roy-
 []


Overfull \hbox (33.54149pt too wide) in paragraph at lines 38--65
\OT1/cmr/bx/n/10 choud-
 []


Overfull \hbox (23.26378pt too wide) in paragraph at lines 38--65
\OT1/cmr/bx/n/10 hury
 []


Overfull \hbox (31.15956pt too wide) in paragraph at lines 38--65
\OT1/cmr/bx/n/10 Ozone
 []


Overfull \hbox (22.18045pt too wide) in paragraph at lines 38--65
\OT1/cmr/bx/n/10 Pro-
 []


Overfull \hbox (21.7221pt too wide) in paragraph at lines 38--65
\OT1/cmr/bx/n/10 duc-
 []


Overfull \hbox (19.80545pt too wide) in paragraph at lines 38--65
\OT1/cmr/bx/n/10 tion
 []


Overfull \hbox (21.18741pt too wide) in paragraph at lines 38--65
\OT1/cmr/bx/n/10 over
 []


Overfull \hbox (23.01378pt too wide) in paragraph at lines 38--65
\OT1/cmr/bx/n/10 Arid
 []


Overfull \hbox (17.72908pt too wide) in paragraph at lines 38--65
\OT1/cmr/bx/n/10 Re-
 []


Overfull \hbox (28.81372pt too wide) in paragraph at lines 38--65
\OT1/cmr/bx/n/10 gions:
 []


Overfull \hbox (14.58325pt too wide) in paragraph at lines 38--65
\OT1/cmr/bx/n/10 In-
 []


Overfull \hbox (28.55815pt too wide) in paragraph at lines 38--65
\OT1/cmr/bx/n/10 sights
 []


Overfull \hbox (19.48601pt too wide) in paragraph at lines 38--65
\OT1/cmr/bx/n/10 into
 []


Overfull \hbox (20.02074pt too wide) in paragraph at lines 38--65
\OT1/cmr/bx/n/10 Me-
 []


Overfull \hbox (13.57632pt too wide) in paragraph at lines 38--65
\OT1/cmr/bx/n/10 te-
 []


Overfull \hbox (9.58328pt too wide) in paragraph at lines 38--65
\OT1/cmr/bx/n/10 o-
 []


Overfull \hbox (14.31938pt too wide) in paragraph at lines 38--65
\OT1/cmr/bx/n/10 ro-
 []


Overfull \hbox (18.52768pt too wide) in paragraph at lines 38--65
\OT1/cmr/bx/n/10 log-
 []


Overfull \hbox (7.02774pt too wide) in paragraph at lines 38--65
\OT1/cmr/bx/n/10 i-
 []


Overfull \hbox (13.89574pt too wide) in paragraph at lines 38--65
\OT1/cmr/bx/n/10 cal
 []


Overfull \hbox (18.36794pt too wide) in paragraph at lines 38--65
\OT1/cmr/bx/n/10 and
 []


Overfull \hbox (33.38177pt too wide) in paragraph at lines 38--65
\OT1/cmr/bx/n/10 Chem-
 []


Overfull \hbox (7.02774pt too wide) in paragraph at lines 38--65
\OT1/cmr/bx/n/10 i-
 []


Overfull \hbox (13.89574pt too wide) in paragraph at lines 38--65
\OT1/cmr/bx/n/10 cal
 []


Overfull \hbox (37.04288pt too wide) in paragraph at lines 38--65
\OT1/cmr/bx/n/10 Drivers
 []


Overfull \hbox (15.98323pt too wide) in paragraph at lines 38--65
\OT1/cmr/m/it/10 En-
 []


Overfull \hbox (11.24435pt too wide) in paragraph at lines 38--65
\OT1/cmr/m/it/10 vi-
 []


Overfull \hbox (18.01653pt too wide) in paragraph at lines 38--65
\OT1/cmr/m/it/10 ron-
 []


Overfull \hbox (21.97763pt too wide) in paragraph at lines 38--65
\OT1/cmr/m/it/10 men-
 []


Overfull \hbox (10.98882pt too wide) in paragraph at lines 38--65
\OT1/cmr/m/it/10 tal
 []


Overfull \hbox (14.96098pt too wide) in paragraph at lines 38--65
\OT1/cmr/m/it/10 Re-
 []


Overfull \hbox (26.70534pt too wide) in paragraph at lines 38--65
\OT1/cmr/m/it/10 search
 []


Overfull \hbox (24.02206pt too wide) in paragraph at lines 38--65
\OT1/cmr/m/it/10 Com-
 []


Overfull \hbox (17.12212pt too wide) in paragraph at lines 38--65
\OT1/cmr/m/it/10 mu-
 []


Overfull \hbox (12.26659pt too wide) in paragraph at lines 38--65
\OT1/cmr/m/it/10 ni-
 []


Overfull \hbox (12.77766pt too wide) in paragraph at lines 38--65
\OT1/cmr/m/it/10 ca-
 []


Overfull \hbox (24.27763pt too wide) in paragraph at lines 38--65
\OT1/cmr/m/it/10 tions,
 []


Overfull \hbox (5.11108pt too wide) in paragraph at lines 38--65
\OT1/cmr/m/it/10 6
 []


Overfull \hbox (8.30551pt too wide) in paragraph at lines 38--65
\OT1/cmr/bx/n/10 C
 []


Overfull \hbox (23.9582pt too wide) in paragraph at lines 38--65
\OT1/cmr/bx/n/10 Roy-
 []


Overfull \hbox (33.54149pt too wide) in paragraph at lines 38--65
\OT1/cmr/bx/n/10 choud-
 []


Overfull \hbox (23.26378pt too wide) in paragraph at lines 38--65
\OT1/cmr/bx/n/10 hury
 []


Overfull \hbox (14.58325pt too wide) in paragraph at lines 38--65
\OT1/cmr/bx/n/10 In-
 []


Overfull \hbox (19.39017pt too wide) in paragraph at lines 38--65
\OT1/cmr/bx/n/10 ves-
 []


Overfull \hbox (11.49994pt too wide) in paragraph at lines 38--65
\OT1/cmr/bx/n/10 ti-
 []


Overfull \hbox (19.6457pt too wide) in paragraph at lines 38--65
\OT1/cmr/bx/n/10 gat-
 []


Overfull \hbox (15.33325pt too wide) in paragraph at lines 38--65
\OT1/cmr/bx/n/10 ing
 []


Overfull \hbox (42.52756pt too wide) in paragraph at lines 38--65
\OT1/cmr/bx/n/10 Ground-
 []


Overfull \hbox (26.40265pt too wide) in paragraph at lines 38--65
\OT1/cmr/bx/n/10 Level
 []


Overfull \hbox (31.15956pt too wide) in paragraph at lines 38--65
\OT1/cmr/bx/n/10 Ozone
 []


Overfull \hbox (20.31934pt too wide) in paragraph at lines 38--65
\OT1/cmr/bx/n/10 Pol-
 []


Overfull \hbox (13.4166pt too wide) in paragraph at lines 38--65
\OT1/cmr/bx/n/10 lu-
 []


Overfull \hbox (19.80545pt too wide) in paragraph at lines 38--65
\OT1/cmr/bx/n/10 tion
 []


Overfull \hbox (9.58328pt too wide) in paragraph at lines 38--65
\OT1/cmr/bx/n/10 in
 []


Overfull \hbox (28.27069pt too wide) in paragraph at lines 38--65
\OT1/cmr/bx/n/10 Semi-
 []


Overfull \hbox (23.01378pt too wide) in paragraph at lines 38--65
\OT1/cmr/bx/n/10 Arid
 []


Overfull \hbox (18.36794pt too wide) in paragraph at lines 38--65
\OT1/cmr/bx/n/10 and
 []


Overfull \hbox (23.01378pt too wide) in paragraph at lines 38--65
\OT1/cmr/bx/n/10 Arid
 []


Overfull \hbox (17.72908pt too wide) in paragraph at lines 38--65
\OT1/cmr/bx/n/10 Re-
 []


Overfull \hbox (25.6193pt too wide) in paragraph at lines 38--65
\OT1/cmr/bx/n/10 gions
 []


Overfull \hbox (9.26384pt too wide) in paragraph at lines 38--65
\OT1/cmr/bx/n/10 of
 []


Overfull \hbox (20.45824pt too wide) in paragraph at lines 38--65
\OT1/cmr/bx/n/10 Ari-
 []


Overfull \hbox (22.84013pt too wide) in paragraph at lines 38--65
\OT1/cmr/bx/n/10 zona
 []


Overfull \hbox (17.21655pt too wide) in paragraph at lines 38--65
\OT1/cmr/bx/n/10 Us-
 []


Overfull \hbox (15.33325pt too wide) in paragraph at lines 38--65
\OT1/cmr/bx/n/10 ing
 []


Overfull \hbox (31.58316pt too wide) in paragraph at lines 38--65
\OT1/cmr/bx/n/10 WRF-
 []


Overfull \hbox (29.54846pt too wide) in paragraph at lines 38--65
\OT1/cmr/bx/n/10 Chem
 []


Overfull \hbox (20.76378pt too wide) in paragraph at lines 38--65
\OT1/cmr/bx/n/10 v4.4
 []


Overfull \hbox (27.20819pt too wide) in paragraph at lines 38--65
\OT1/cmr/bx/n/10 Mod-
 []


Overfull \hbox (12.29855pt too wide) in paragraph at lines 38--65
\OT1/cmr/bx/n/10 el-
 []


Overfull \hbox (15.33325pt too wide) in paragraph at lines 38--65
\OT1/cmr/bx/n/10 ing
 []


Overfull \hbox (20.51373pt too wide) in paragraph at lines 38--65
\OT1/cmr/m/it/10 Geo-
 []


Overfull \hbox (15.33322pt too wide) in paragraph at lines 38--65
\OT1/cmr/m/it/10 sci-
 []


Overfull \hbox (13.7999pt too wide) in paragraph at lines 38--65
\OT1/cmr/m/it/10 en-
 []


Overfull \hbox (16.611pt too wide) in paragraph at lines 38--65
\OT1/cmr/m/it/10 tific
 []


Overfull \hbox (25.83316pt too wide) in paragraph at lines 38--65
\OT1/cmr/m/it/10 Model
 []


Overfull \hbox (15.72765pt too wide) in paragraph at lines 38--65
\OT1/cmr/m/it/10 De-
 []


Overfull \hbox (15.3332pt too wide) in paragraph at lines 38--65
\OT1/cmr/m/it/10 vel-
 []


Overfull \hbox (13.79991pt too wide) in paragraph at lines 38--65
\OT1/cmr/m/it/10 op-
 []


Overfull \hbox (24.78873pt too wide) in paragraph at lines 38--65
\OT1/cmr/m/it/10 ment,
 []


Overfull \hbox (10.22217pt too wide) in paragraph at lines 38--65
\OT1/cmr/m/it/10 17
 []


Overfull \hbox (8.30551pt too wide) in paragraph at lines 38--65
\OT1/cmr/bx/n/10 C
 []


Overfull \hbox (23.9582pt too wide) in paragraph at lines 38--65
\OT1/cmr/bx/n/10 Roy-
 []


Overfull \hbox (33.54149pt too wide) in paragraph at lines 38--65
\OT1/cmr/bx/n/10 choud-
 []


Overfull \hbox (23.26378pt too wide) in paragraph at lines 38--65
\OT1/cmr/bx/n/10 hury
 []


Overfull \hbox (31.15956pt too wide) in paragraph at lines 38--65
\OT1/cmr/bx/n/10 Ozone
 []


Overfull \hbox (9.58328pt too wide) in paragraph at lines 38--65
\OT1/cmr/bx/n/10 in
 []


Overfull \hbox (16.13187pt too wide) in paragraph at lines 38--65
\OT1/cmr/bx/n/10 the
 []


Overfull \hbox (33.1054pt too wide) in paragraph at lines 38--65
\OT1/cmr/bx/n/10 Desert
 []


Overfull \hbox (33.22205pt too wide) in paragraph at lines 38--65
\OT1/cmr/bx/n/10 South-
 []


Overfull \hbox (22.26515pt too wide) in paragraph at lines 38--65
\OT1/cmr/bx/n/10 west
 []


Overfull \hbox (9.26384pt too wide) in paragraph at lines 38--65
\OT1/cmr/bx/n/10 of
 []


Overfull \hbox (16.13187pt too wide) in paragraph at lines 38--65
\OT1/cmr/bx/n/10 the
 []


Overfull \hbox (34.56232pt too wide) in paragraph at lines 38--65
\OT1/cmr/bx/n/10 United
 []


Overfull \hbox (33.92479pt too wide) in paragraph at lines 38--65
\OT1/cmr/bx/n/10 States:
 []


Overfull \hbox (8.6944pt too wide) in paragraph at lines 38--65
\OT1/cmr/bx/n/10 A
 []


Overfull \hbox (22.68044pt too wide) in paragraph at lines 38--65
\OT1/cmr/bx/n/10 Syn-
 []


Overfull \hbox (19.96518pt too wide) in paragraph at lines 38--65
\OT1/cmr/bx/n/10 the-
 []


Overfull \hbox (12.26657pt too wide) in paragraph at lines 38--65
\OT1/cmr/bx/n/10 sis
 []


Overfull \hbox (9.26384pt too wide) in paragraph at lines 38--65
\OT1/cmr/bx/n/10 of
 []


Overfull \hbox (22.14012pt too wide) in paragraph at lines 38--65
\OT1/cmr/bx/n/10 Past
 []


Overfull \hbox (27.48598pt too wide) in paragraph at lines 38--65
\OT1/cmr/bx/n/10 Work
 []


Overfull \hbox (18.36794pt too wide) in paragraph at lines 38--65
\OT1/cmr/bx/n/10 and
 []


Overfull \hbox (27.0568pt too wide) in paragraph at lines 38--65
\OT1/cmr/bx/n/10 Steps
 []


Overfull \hbox (32.33315pt too wide) in paragraph at lines 38--65
\OT1/cmr/bx/n/10 Ahead
 []


Overfull \hbox (19.95541pt too wide) in paragraph at lines 38--65
\OT1/cmr/m/it/10 ACS
 []


Overfull \hbox (27.22762pt too wide) in paragraph at lines 38--65
\OT1/cmr/m/it/10 ES&T
 []


Overfull \hbox (17.52765pt too wide) in paragraph at lines 38--65
\OT1/cmr/m/it/10 Air,
 []


Overfull \hbox (18.3999pt too wide) in paragraph at lines 38--65
\OT1/cmr/m/it/10 1(2)
 []


Overfull \hbox (8.30551pt too wide) in paragraph at lines 38--65
\OT1/cmr/bx/n/10 C
 []


Overfull \hbox (23.9582pt too wide) in paragraph at lines 38--65
\OT1/cmr/bx/n/10 Roy-
 []


Overfull \hbox (33.54149pt too wide) in paragraph at lines 38--65
\OT1/cmr/bx/n/10 choud-
 []


Overfull \hbox (23.26378pt too wide) in paragraph at lines 38--65
\OT1/cmr/bx/n/10 hury
 []


Overfull \hbox (27.74986pt too wide) in paragraph at lines 38--65
\OT1/cmr/bx/n/10 Trop-
 []


Overfull \hbox (7.02774pt too wide) in paragraph at lines 38--65
\OT1/cmr/bx/n/10 i-
 []


Overfull \hbox (13.89574pt too wide) in paragraph at lines 38--65
\OT1/cmr/bx/n/10 cal
 []


Overfull \hbox (18.20824pt too wide) in paragraph at lines 38--65
\OT1/cmr/bx/n/10 Cy-
 []


Overfull \hbox (25.71515pt too wide) in paragraph at lines 38--65
\OT1/cmr/bx/n/10 clone
 []


Overfull \hbox (17.77768pt too wide) in paragraph at lines 38--65
\OT1/cmr/bx/n/10 En-
 []


Overfull \hbox (21.8263pt too wide) in paragraph at lines 38--65
\OT1/cmr/bx/n/10 ergy
 []


Overfull \hbox (25.09013pt too wide) in paragraph at lines 38--65
\OT1/cmr/bx/n/10 Vari-
 []


Overfull \hbox (22.20125pt too wide) in paragraph at lines 38--65
\OT1/cmr/bx/n/10 abil-
 []


Overfull \hbox (13.4166pt too wide) in paragraph at lines 38--65
\OT1/cmr/bx/n/10 ity
 []


Overfull \hbox (9.58328pt too wide) in paragraph at lines 38--65
\OT1/cmr/bx/n/10 in
 []


Overfull \hbox (30.34708pt too wide) in paragraph at lines 38--65
\OT1/cmr/bx/n/10 North
 []


Overfull \hbox (14.58325pt too wide) in paragraph at lines 38--65
\OT1/cmr/bx/n/10 In-
 []


Overfull \hbox (21.56236pt too wide) in paragraph at lines 38--65
\OT1/cmr/bx/n/10 dian
 []


Overfull \hbox (34.19424pt too wide) in paragraph at lines 38--65
\OT1/cmr/bx/n/10 Ocean:
 []


Overfull \hbox (14.58325pt too wide) in paragraph at lines 38--65
\OT1/cmr/bx/n/10 In-
 []


Overfull \hbox (28.55815pt too wide) in paragraph at lines 38--65
\OT1/cmr/bx/n/10 sights
 []


Overfull \hbox (23.58322pt too wide) in paragraph at lines 38--65
\OT1/cmr/bx/n/10 from
 []


Overfull \hbox (31.58316pt too wide) in paragraph at lines 38--65
\OT1/cmr/bx/n/10 ENSO
 []


Overfull \hbox (16.35544pt too wide) in paragraph at lines 38--65
\OT1/cmr/m/it/10 Cli-
 []


Overfull \hbox (24.27762pt too wide) in paragraph at lines 38--65
\OT1/cmr/m/it/10 mate,
 []


Overfull \hbox (11.57773pt too wide) in paragraph at lines 38--65
\OT1/cmr/m/it/10 11 
 []


! LaTeX Error: The font size command \normalsize is not defined:
               there is probably something wrong with the class file.

See the LaTeX manual or LaTeX Companion for explanation.
Type  H <return>  for immediate help.
 ...                                              
                                                  
l.65 \end{enumerate}
                    
Your command was ignored.
Type  I <command> <return>  to replace it with another command,
or  <return>  to continue without it.

[1{/usr/local/texlive/2020/texmf-var/fonts/map/pdftex/updmap/pdftex.map}]
! Undefined control sequence.
<recently read> \textcolor 
                           
l.67 \textbf{\emph{\textcolor{sep}{In Progress}}}
                                                 
The control sequence at the end of the top line
of your error message was never \def'ed. If you have
misspelled it (e.g., `\hobx'), type `I' and the correct
spelling (e.g., `I\hbox'). Otherwise just continue,
and I'll forget about whatever was undefined.


Overfull \hbox (47.31918pt too wide) in paragraph at lines 67--68
[]\OT1/cmr/bx/it/10 sepIn
 []


Overfull \hbox (43.24956pt too wide) in paragraph at lines 67--68
\OT1/cmr/bx/it/10 Progress 
 []

Missing character: There is no [ in font nullfont!
Missing character: There is no t in font nullfont!
Missing character: There is no o in font nullfont!
Missing character: There is no p in font nullfont!
Missing character: There is no s in font nullfont!
Missing character: There is no e in font nullfont!
Missing character: There is no p in font nullfont!
Missing character: There is no = in font nullfont!
Missing character: There is no 1 in font nullfont!
Missing character: There is no p in font nullfont!
Missing character: There is no t in font nullfont!
Missing character: There is no , in font nullfont!
Missing character: There is no p in font nullfont!
Missing character: There is no a in font nullfont!
Missing character: There is no r in font nullfont!
Missing character: There is no t in font nullfont!
Missing character: There is no o in font nullfont!
Missing character: There is no p in font nullfont!
Missing character: There is no s in font nullfont!
Missing character: There is no e in font nullfont!
Missing character: There is no p in font nullfont!
Missing character: There is no = in font nullfont!
Missing character: There is no 1 in font nullfont!
Missing character: There is no p in font nullfont!
Missing character: There is no t in font nullfont!
Missing character: There is no , in font nullfont!
Missing character: There is no i in font nullfont!
Missing character: There is no t in font nullfont!
Missing character: There is no e in font nullfont!
Missing character: There is no m in font nullfont!
Missing character: There is no s in font nullfont!
Missing character: There is no e in font nullfont!
Missing character: There is no p in font nullfont!
Missing character: There is no = in font nullfont!
Missing character: There is no 0 in font nullfont!
Missing character: There is no . in font nullfont!
Missing character: There is no 5 in font nullfont!
Missing character: There is no p in font nullfont!
Missing character: There is no t in font nullfont!
Missing character: There is no , in font nullfont!
Missing character: There is no p in font nullfont!
Missing character: There is no a in font nullfont!
Missing character: There is no r in font nullfont!
Missing character: There is no s in font nullfont!
Missing character: There is no e in font nullfont!
Missing character: There is no p in font nullfont!
Missing character: There is no = in font nullfont!
Missing character: There is no 0 in font nullfont!
Missing character: There is no . in font nullfont!
Missing character: There is no 1 in font nullfont!
Missing character: There is no p in font nullfont!
Missing character: There is no t in font nullfont!
Missing character: There is no , in font nullfont!
Missing character: There is no l in font nullfont!
Missing character: There is no e in font nullfont!
Missing character: There is no f in font nullfont!
Missing character: There is no t in font nullfont!
Missing character: There is no m in font nullfont!
Missing character: There is no a in font nullfont!
Missing character: There is no r in font nullfont!
Missing character: There is no g in font nullfont!
Missing character: There is no i in font nullfont!
Missing character: There is no n in font nullfont!
Missing character: There is no = in font nullfont!
Missing character: There is no 1 in font nullfont!
Missing character: There is no 5 in font nullfont!
Missing character: There is no p in font nullfont!
Missing character: There is no t in font nullfont!
Missing character: There is no , in font nullfont!
Missing character: There is no l in font nullfont!
Missing character: There is no a in font nullfont!
Missing character: There is no b in font nullfont!
Missing character: There is no e in font nullfont!
Missing character: There is no l in font nullfont!
Missing character: There is no = in font nullfont!
! Missing number, treated as zero.
<to be read again> 
                   \c@* 
l.68 ...rsep=0.1pt, leftmargin=15pt,label=\arabic*
                                                  .]
A number should have been here; I inserted `0'.
(If you can't figure out why I needed to see a number,
look up `weird error' in the index to The TeXbook.)

Missing character: There is no 0 in font nullfont!
Missing character: There is no . in font nullfont!
Missing character: There is no ] in font nullfont!

! LaTeX Error: Something's wrong--perhaps a missing \item.

See the LaTeX manual or LaTeX Companion for explanation.
Type  H <return>  for immediate help.
 ...                                              
                                                  
l.70 	\item N
              Mizukami, S Minallah, C He, \textbf{C Roychoudhury}, W Cheng, ...

Try typing  <return>  to proceed.
If that doesn't work, type  X <return>  to quit.


! LaTeX Error: Something's wrong--perhaps a missing \item.

See the LaTeX manual or LaTeX Companion for explanation.
Type  H <return>  for immediate help.
 ...                                              
                                                  
l.70 	\item N
              Mizukami, S Minallah, C He, \textbf{C Roychoudhury}, W Cheng, ...

Try typing  <return>  to proceed.
If that doesn't work, type  X <return>  to quit.


! LaTeX Error: Something's wrong--perhaps a missing \item.

See the LaTeX manual or LaTeX Companion for explanation.
Type  H <return>  for immediate help.
 ...                                              
                                                  
l.70 	\item N
              Mizukami, S Minallah, C He, \textbf{C Roychoudhury}, W Cheng, ...

Try typing  <return>  to proceed.
If that doesn't work, type  X <return>  to quit.

Missing character: There is no N in font nullfont!
Missing character: There is no M in font nullfont!
Missing character: There is no i in font nullfont!
Missing character: There is no z in font nullfont!
Missing character: There is no u in font nullfont!
Missing character: There is no k in font nullfont!
Missing character: There is no a in font nullfont!
Missing character: There is no m in font nullfont!
Missing character: There is no i in font nullfont!
Missing character: There is no , in font nullfont!
Missing character: There is no S in font nullfont!
Missing character: There is no M in font nullfont!
Missing character: There is no i in font nullfont!
Missing character: There is no n in font nullfont!
Missing character: There is no a in font nullfont!
Missing character: There is no l in font nullfont!
Missing character: There is no l in font nullfont!
Missing character: There is no a in font nullfont!
Missing character: There is no h in font nullfont!
Missing character: There is no , in font nullfont!
Missing character: There is no C in font nullfont!
Missing character: There is no H in font nullfont!
Missing character: There is no e in font nullfont!
Missing character: There is no , in font nullfont!
Missing character: There is no , in font nullfont!
Missing character: There is no W in font nullfont!
Missing character: There is no C in font nullfont!
Missing character: There is no h in font nullfont!
Missing character: There is no e in font nullfont!
Missing character: There is no n in font nullfont!
Missing character: There is no g in font nullfont!
Missing character: There is no , in font nullfont!
Missing character: There is no R in font nullfont!
Missing character: There is no K in font nullfont!
Missing character: There is no u in font nullfont!
Missing character: There is no m in font nullfont!
Missing character: There is no a in font nullfont!
Missing character: There is no r in font nullfont!
Missing character: There is no . in font nullfont!
Missing character: There is no . in font nullfont!
! Undefined control sequence.
l.70 ...in High Mountain Asia river basins}. \href
                                                  {https://egusphere.coperni...
The control sequence at the end of the top line
of your error message was never \def'ed. If you have
misspelled it (e.g., `\hobx'), type `I' and the correct
spelling (e.g., `I\hbox'). Otherwise just continue,
and I'll forget about whatever was undefined.

Missing character: There is no h in font nullfont!
Missing character: There is no t in font nullfont!
Missing character: There is no t in font nullfont!
Missing character: There is no p in font nullfont!
Missing character: There is no s in font nullfont!
Missing character: There is no : in font nullfont!
Missing character: There is no / in font nullfont!
Missing character: There is no / in font nullfont!
Missing character: There is no e in font nullfont!
Missing character: There is no g in font nullfont!
Missing character: There is no u in font nullfont!
Missing character: There is no s in font nullfont!
Missing character: There is no p in font nullfont!
Missing character: There is no h in font nullfont!
Missing character: There is no e in font nullfont!
Missing character: There is no r in font nullfont!
Missing character: There is no e in font nullfont!
Missing character: There is no . in font nullfont!
Missing character: There is no c in font nullfont!
Missing character: There is no o in font nullfont!
Missing character: There is no p in font nullfont!
Missing character: There is no e in font nullfont!
Missing character: There is no r in font nullfont!
Missing character: There is no n in font nullfont!
Missing character: There is no i in font nullfont!
Missing character: There is no c in font nullfont!
Missing character: There is no u in font nullfont!
Missing character: There is no s in font nullfont!
Missing character: There is no . in font nullfont!
Missing character: There is no o in font nullfont!
Missing character: There is no r in font nullfont!
Missing character: There is no g in font nullfont!
Missing character: There is no / in font nullfont!
Missing character: There is no p in font nullfont!
Missing character: There is no r in font nullfont!
Missing character: There is no e in font nullfont!
Missing character: There is no p in font nullfont!
Missing character: There is no r in font nullfont!
Missing character: There is no i in font nullfont!
Missing character: There is no n in font nullfont!
Missing character: There is no t in font nullfont!
Missing character: There is no s in font nullfont!
Missing character: There is no / in font nullfont!
Missing character: There is no 2 in font nullfont!
Missing character: There is no 0 in font nullfont!
Missing character: There is no 2 in font nullfont!
Missing character: There is no 5 in font nullfont!
Missing character: There is no / in font nullfont!
Missing character: There is no e in font nullfont!
Missing character: There is no g in font nullfont!
Missing character: There is no u in font nullfont!
Missing character: There is no s in font nullfont!
Missing character: There is no p in font nullfont!
Missing character: There is no h in font nullfont!
Missing character: There is no e in font nullfont!
Missing character: There is no r in font nullfont!
Missing character: There is no e in font nullfont!
Missing character: There is no - in font nullfont!
Missing character: There is no 2 in font nullfont!
Missing character: There is no 0 in font nullfont!
Missing character: There is no 2 in font nullfont!
Missing character: There is no 5 in font nullfont!
Missing character: There is no - in font nullfont!
Missing character: There is no 4 in font nullfont!
Missing character: There is no 5 in font nullfont!
Missing character: There is no 8 in font nullfont!
Missing character: There is no 6 in font nullfont!
Missing character: There is no / in font nullfont!
Missing character: There is no . in font nullfont!
Missing character: There is no ( in font nullfont!
Missing character: There is no I in font nullfont!
Missing character: There is no n in font nullfont!
Missing character: There is no r in font nullfont!
Missing character: There is no e in font nullfont!
Missing character: There is no v in font nullfont!
Missing character: There is no i in font nullfont!
Missing character: There is no e in font nullfont!
Missing character: There is no w in font nullfont!
Missing character: There is no ) in font nullfont!

! LaTeX Error: Something's wrong--perhaps a missing \item.

See the LaTeX manual or LaTeX Companion for explanation.
Type  H <return>  for immediate help.
 ...                                              
                                                  
l.72 	\item J
             M McKinnon, \textbf{C Roychoudhury}, MA Mirrezaei, B Gaubert, A...

Try typing  <return>  to proceed.
If that doesn't work, type  X <return>  to quit.


! LaTeX Error: Something's wrong--perhaps a missing \item.

See the LaTeX manual or LaTeX Companion for explanation.
Type  H <return>  for immediate help.
 ...                                              
                                                  
l.72 	\item J
             M McKinnon, \textbf{C Roychoudhury}, MA Mirrezaei, B Gaubert, A...

Try typing  <return>  to proceed.
If that doesn't work, type  X <return>  to quit.


! LaTeX Error: Something's wrong--perhaps a missing \item.

See the LaTeX manual or LaTeX Companion for explanation.
Type  H <return>  for immediate help.
 ...                                              
                                                  
l.72 	\item J
             M McKinnon, \textbf{C Roychoudhury}, MA Mirrezaei, B Gaubert, A...

Try typing  <return>  to proceed.
If that doesn't work, type  X <return>  to quit.

Missing character: There is no J in font nullfont!
Missing character: There is no M in font nullfont!
Missing character: There is no M in font nullfont!
Missing character: There is no c in font nullfont!
Missing character: There is no K in font nullfont!
Missing character: There is no i in font nullfont!
Missing character: There is no n in font nullfont!
Missing character: There is no n in font nullfont!
Missing character: There is no o in font nullfont!
Missing character: There is no n in font nullfont!
Missing character: There is no , in font nullfont!
Missing character: There is no , in font nullfont!
Missing character: There is no M in font nullfont!
Missing character: There is no A in font nullfont!
Missing character: There is no M in font nullfont!
Missing character: There is no i in font nullfont!
Missing character: There is no r in font nullfont!
Missing character: There is no r in font nullfont!
Missing character: There is no e in font nullfont!
Missing character: There is no z in font nullfont!
Missing character: There is no a in font nullfont!
Missing character: There is no e in font nullfont!
Missing character: There is no i in font nullfont!
Missing character: There is no , in font nullfont!
Missing character: There is no B in font nullfont!
Missing character: There is no G in font nullfont!
Missing character: There is no a in font nullfont!
Missing character: There is no u in font nullfont!
Missing character: There is no b in font nullfont!
Missing character: There is no e in font nullfont!
Missing character: There is no r in font nullfont!
Missing character: There is no t in font nullfont!
Missing character: There is no , in font nullfont!
Missing character: There is no A in font nullfont!
Missing character: There is no F in font nullfont!
Missing character: There is no A in font nullfont!
Missing character: There is no r in font nullfont!
Missing character: There is no e in font nullfont!
Missing character: There is no l in font nullfont!
Missing character: There is no l in font nullfont!
Missing character: There is no a in font nullfont!
Missing character: There is no n in font nullfont!
Missing character: There is no o in font nullfont!
Missing character: There is no . in font nullfont!
Missing character: There is no . in font nullfont!
Missing character: There is no ( in font nullfont!
Missing character: There is no I in font nullfont!
Missing character: There is no n in font nullfont!
Missing character: There is no r in font nullfont!
Missing character: There is no e in font nullfont!
Missing character: There is no v in font nullfont!
Missing character: There is no i in font nullfont!
Missing character: There is no e in font nullfont!
Missing character: There is no w in font nullfont!
Missing character: There is no ) in font nullfont!

! LaTeX Error: Something's wrong--perhaps a missing \item.

See the LaTeX manual or LaTeX Companion for explanation.
Type  H <return>  for immediate help.
 ...                                              
                                                  
l.74 	\item \textbf
                   {C Roychoudhury}, W Cheng, N Mizukami, C He, AF Arellano ...

Try typing  <return>  to proceed.
If that doesn't work, type  X <return>  to quit.


! LaTeX Error: Something's wrong--perhaps a missing \item.

See the LaTeX manual or LaTeX Companion for explanation.
Type  H <return>  for immediate help.
 ...                                              
                                                  
l.74 	\item \textbf
                   {C Roychoudhury}, W Cheng, N Mizukami, C He, AF Arellano ...

Try typing  <return>  to proceed.
If that doesn't work, type  X <return>  to quit.


! LaTeX Error: Something's wrong--perhaps a missing \item.

See the LaTeX manual or LaTeX Companion for explanation.
Type  H <return>  for immediate help.
 ...                                              
                                                  
l.74 	\item \textbf
                   {C Roychoudhury}, W Cheng, N Mizukami, C He, AF Arellano ...

Try typing  <return>  to proceed.
If that doesn't work, type  X <return>  to quit.

Missing character: There is no , in font nullfont!
Missing character: There is no W in font nullfont!
Missing character: There is no C in font nullfont!
Missing character: There is no h in font nullfont!
Missing character: There is no e in font nullfont!
Missing character: There is no n in font nullfont!
Missing character: There is no g in font nullfont!
Missing character: There is no , in font nullfont!
Missing character: There is no N in font nullfont!
Missing character: There is no M in font nullfont!
Missing character: There is no i in font nullfont!
Missing character: There is no z in font nullfont!
Missing character: There is no u in font nullfont!
Missing character: There is no k in font nullfont!
Missing character: There is no a in font nullfont!
Missing character: There is no m in font nullfont!
Missing character: There is no i in font nullfont!
Missing character: There is no , in font nullfont!
Missing character: There is no C in font nullfont!
Missing character: There is no H in font nullfont!
Missing character: There is no e in font nullfont!
Missing character: There is no , in font nullfont!
Missing character: There is no A in font nullfont!
Missing character: There is no F in font nullfont!
Missing character: There is no A in font nullfont!
Missing character: There is no r in font nullfont!
Missing character: There is no e in font nullfont!
Missing character: There is no l in font nullfont!
Missing character: There is no l in font nullfont!
Missing character: There is no a in font nullfont!
Missing character: There is no n in font nullfont!
Missing character: There is no o in font nullfont!
Missing character: There is no a in font nullfont!
Missing character: There is no n in font nullfont!
Missing character: There is no d in font nullfont!
Missing character: There is no R in font nullfont!
Missing character: There is no K in font nullfont!
Missing character: There is no u in font nullfont!
Missing character: There is no m in font nullfont!
Missing character: There is no a in font nullfont!
Missing character: There is no r in font nullfont!
Missing character: There is no . in font nullfont!
Missing character: There is no . in font nullfont!
! Undefined control sequence.
l.74 ...description and initial evaluation}. \href
                                                  {https://essd.copernicus.o...
The control sequence at the end of the top line
of your error message was never \def'ed. If you have
misspelled it (e.g., `\hobx'), type `I' and the correct
spelling (e.g., `I\hbox'). Otherwise just continue,
and I'll forget about whatever was undefined.

Missing character: There is no h in font nullfont!
Missing character: There is no t in font nullfont!
Missing character: There is no t in font nullfont!
Missing character: There is no p in font nullfont!
Missing character: There is no s in font nullfont!
Missing character: There is no : in font nullfont!
Missing character: There is no / in font nullfont!
Missing character: There is no / in font nullfont!
Missing character: There is no e in font nullfont!
Missing character: There is no s in font nullfont!
Missing character: There is no s in font nullfont!
Missing character: There is no d in font nullfont!
Missing character: There is no . in font nullfont!
Missing character: There is no c in font nullfont!
Missing character: There is no o in font nullfont!
Missing character: There is no p in font nullfont!
Missing character: There is no e in font nullfont!
Missing character: There is no r in font nullfont!
Missing character: There is no n in font nullfont!
Missing character: There is no i in font nullfont!
Missing character: There is no c in font nullfont!
Missing character: There is no u in font nullfont!
Missing character: There is no s in font nullfont!
Missing character: There is no . in font nullfont!
Missing character: There is no o in font nullfont!
Missing character: There is no r in font nullfont!
Missing character: There is no g in font nullfont!
Missing character: There is no / in font nullfont!
Missing character: There is no p in font nullfont!
Missing character: There is no r in font nullfont!
Missing character: There is no e in font nullfont!
Missing character: There is no p in font nullfont!
Missing character: There is no r in font nullfont!
Missing character: There is no i in font nullfont!
Missing character: There is no n in font nullfont!
Missing character: There is no t in font nullfont!
Missing character: There is no s in font nullfont!
Missing character: There is no / in font nullfont!
Missing character: There is no e in font nullfont!
Missing character: There is no s in font nullfont!
Missing character: There is no s in font nullfont!
Missing character: There is no d in font nullfont!
Missing character: There is no - in font nullfont!
Missing character: There is no 2 in font nullfont!
Missing character: There is no 0 in font nullfont!
Missing character: There is no 2 in font nullfont!
Missing character: There is no 5 in font nullfont!
Missing character: There is no - in font nullfont!
Missing character: There is no 2 in font nullfont!
Missing character: There is no 7 in font nullfont!
Missing character: There is no 5 in font nullfont!
Missing character: There is no / in font nullfont!
Missing character: There is no . in font nullfont!
Missing character: There is no ( in font nullfont!
Missing character: There is no I in font nullfont!
Missing character: There is no n in font nullfont!
Missing character: There is no r in font nullfont!
Missing character: There is no e in font nullfont!
Missing character: There is no v in font nullfont!
Missing character: There is no i in font nullfont!
Missing character: There is no e in font nullfont!
Missing character: There is no w in font nullfont!
Missing character: There is no ) in font nullfont!

! LaTeX Error: Something's wrong--perhaps a missing \item.

See the LaTeX manual or LaTeX Companion for explanation.
Type  H <return>  for immediate help.
 ...                                              
                                                  
l.76 	\item \textbf
                   {C Roychoudhury}, C He, R Kumar, and AF Arellano. \textbf...

Try typing  <return>  to proceed.
If that doesn't work, type  X <return>  to quit.


! LaTeX Error: Something's wrong--perhaps a missing \item.

See the LaTeX manual or LaTeX Companion for explanation.
Type  H <return>  for immediate help.
 ...                                              
                                                  
l.76 	\item \textbf
                   {C Roychoudhury}, C He, R Kumar, and AF Arellano. \textbf...

Try typing  <return>  to proceed.
If that doesn't work, type  X <return>  to quit.


! LaTeX Error: Something's wrong--perhaps a missing \item.

See the LaTeX manual or LaTeX Companion for explanation.
Type  H <return>  for immediate help.
 ...                                              
                                                  
l.76 	\item \textbf
                   {C Roychoudhury}, C He, R Kumar, and AF Arellano. \textbf...

Try typing  <return>  to proceed.
If that doesn't work, type  X <return>  to quit.

Missing character: There is no , in font nullfont!
Missing character: There is no C in font nullfont!
Missing character: There is no H in font nullfont!
Missing character: There is no e in font nullfont!
Missing character: There is no , in font nullfont!
Missing character: There is no R in font nullfont!
Missing character: There is no K in font nullfont!
Missing character: There is no u in font nullfont!
Missing character: There is no m in font nullfont!
Missing character: There is no a in font nullfont!
Missing character: There is no r in font nullfont!
Missing character: There is no , in font nullfont!
Missing character: There is no a in font nullfont!
Missing character: There is no n in font nullfont!
Missing character: There is no d in font nullfont!
Missing character: There is no A in font nullfont!
Missing character: There is no F in font nullfont!
Missing character: There is no A in font nullfont!
Missing character: There is no r in font nullfont!
Missing character: There is no e in font nullfont!
Missing character: There is no l in font nullfont!
Missing character: There is no l in font nullfont!
Missing character: There is no a in font nullfont!
Missing character: There is no n in font nullfont!
Missing character: There is no o in font nullfont!
Missing character: There is no . in font nullfont!
Missing character: There is no . in font nullfont!
Missing character: There is no . in font nullfont!
Missing character: There is no ( in font nullfont!
Missing character: There is no I in font nullfont!
Missing character: There is no n in font nullfont!
Missing character: There is no r in font nullfont!
Missing character: There is no e in font nullfont!
Missing character: There is no v in font nullfont!
Missing character: There is no i in font nullfont!
Missing character: There is no e in font nullfont!
Missing character: There is no w in font nullfont!
Missing character: There is no ) in font nullfont!

! LaTeX Error: Something's wrong--perhaps a missing \item.

See the LaTeX manual or LaTeX Companion for explanation.
Type  H <return>  for immediate help.
 ...                                              
                                                  
l.78 	\item H
              Bai, \textbf{C Roychoudhury}, C Strong. \textbf{Variability of...

Try typing  <return>  to proceed.
If that doesn't work, type  X <return>  to quit.


! LaTeX Error: Something's wrong--perhaps a missing \item.

See the LaTeX manual or LaTeX Companion for explanation.
Type  H <return>  for immediate help.
 ...                                              
                                                  
l.78 	\item H
              Bai, \textbf{C Roychoudhury}, C Strong. \textbf{Variability of...

Try typing  <return>  to proceed.
If that doesn't work, type  X <return>  to quit.


! LaTeX Error: Something's wrong--perhaps a missing \item.

See the LaTeX manual or LaTeX Companion for explanation.
Type  H <return>  for immediate help.
 ...                                              
                                                  
l.78 	\item H
              Bai, \textbf{C Roychoudhury}, C Strong. \textbf{Variability of...

Try typing  <return>  to proceed.
If that doesn't work, type  X <return>  to quit.

Missing character: There is no H in font nullfont!
Missing character: There is no B in font nullfont!
Missing character: There is no a in font nullfont!
Missing character: There is no i in font nullfont!
Missing character: There is no , in font nullfont!
Missing character: There is no , in font nullfont!
Missing character: There is no C in font nullfont!
Missing character: There is no S in font nullfont!
Missing character: There is no t in font nullfont!
Missing character: There is no r in font nullfont!
Missing character: There is no o in font nullfont!
Missing character: There is no n in font nullfont!
Missing character: There is no g in font nullfont!
Missing character: There is no . in font nullfont!
Missing character: There is no . in font nullfont!
Missing character: There is no ( in font nullfont!
Missing character: There is no I in font nullfont!
Missing character: There is no n in font nullfont!
Missing character: There is no p in font nullfont!
Missing character: There is no r in font nullfont!
Missing character: There is no e in font nullfont!
Missing character: There is no p in font nullfont!
Missing character: There is no a in font nullfont!
Missing character: There is no r in font nullfont!
Missing character: There is no a in font nullfont!
Missing character: There is no t in font nullfont!
Missing character: There is no i in font nullfont!
Missing character: There is no o in font nullfont!
Missing character: There is no n in font nullfont!
Missing character: There is no ) in font nullfont!

! LaTeX Error: Something's wrong--perhaps a missing \item.

See the LaTeX manual or LaTeX Companion for explanation.
Type  H <return>  for immediate help.
 ...                                              
                                                  
l.80 	\item S
             K Das, \textbf{C Roychoudhury}, and A Taori. \textbf{Virga obse...

Try typing  <return>  to proceed.
If that doesn't work, type  X <return>  to quit.


! LaTeX Error: Something's wrong--perhaps a missing \item.

See the LaTeX manual or LaTeX Companion for explanation.
Type  H <return>  for immediate help.
 ...                                              
                                                  
l.80 	\item S
             K Das, \textbf{C Roychoudhury}, and A Taori. \textbf{Virga obse...

Try typing  <return>  to proceed.
If that doesn't work, type  X <return>  to quit.


! LaTeX Error: Something's wrong--perhaps a missing \item.

See the LaTeX manual or LaTeX Companion for explanation.
Type  H <return>  for immediate help.
 ...                                              
                                                  
l.80 	\item S
             K Das, \textbf{C Roychoudhury}, and A Taori. \textbf{Virga obse...

Try typing  <return>  to proceed.
If that doesn't work, type  X <return>  to quit.

Missing character: There is no S in font nullfont!
Missing character: There is no K in font nullfont!
Missing character: There is no D in font nullfont!
Missing character: There is no a in font nullfont!
Missing character: There is no s in font nullfont!
Missing character: There is no , in font nullfont!
Missing character: There is no , in font nullfont!
Missing character: There is no a in font nullfont!
Missing character: There is no n in font nullfont!
Missing character: There is no d in font nullfont!
Missing character: There is no A in font nullfont!
Missing character: There is no T in font nullfont!
Missing character: There is no a in font nullfont!
Missing character: There is no o in font nullfont!
Missing character: There is no r in font nullfont!
Missing character: There is no i in font nullfont!
Missing character: There is no . in font nullfont!
Missing character: There is no . in font nullfont!
Missing character: There is no ( in font nullfont!
Missing character: There is no I in font nullfont!
Missing character: There is no n in font nullfont!
Missing character: There is no p in font nullfont!
Missing character: There is no r in font nullfont!
Missing character: There is no e in font nullfont!
Missing character: There is no p in font nullfont!
Missing character: There is no a in font nullfont!
Missing character: There is no r in font nullfont!
Missing character: There is no a in font nullfont!
Missing character: There is no t in font nullfont!
Missing character: There is no i in font nullfont!
Missing character: There is no o in font nullfont!
Missing character: There is no n in font nullfont!
Missing character: There is no ) in font nullfont!

! LaTeX Error: Something's wrong--perhaps a missing \item.

See the LaTeX manual or LaTeX Companion for explanation.
Type  H <return>  for immediate help.
 ...                                              
                                                  
l.82 \end{enumerate}
                    
Try typing  <return>  to proceed.
If that doesn't work, type  X <return>  to quit.


Overfull \hbox (8.30551pt too wide) in paragraph at lines 68--82
\OT1/cmr/bx/n/10 C
 []


Overfull \hbox (23.9582pt too wide) in paragraph at lines 68--82
\OT1/cmr/bx/n/10 Roy-
 []


Overfull \hbox (33.54149pt too wide) in paragraph at lines 68--82
\OT1/cmr/bx/n/10 choud-
 []


Overfull \hbox (23.26378pt too wide) in paragraph at lines 68--82
\OT1/cmr/bx/n/10 hury
 []


Overfull \hbox (18.90268pt too wide) in paragraph at lines 68--82
\OT1/cmr/bx/n/10 Hy-
 []


Overfull \hbox (20.70824pt too wide) in paragraph at lines 68--82
\OT1/cmr/bx/n/10 dro-
 []


Overfull \hbox (22.99988pt too wide) in paragraph at lines 68--82
\OT1/cmr/bx/n/10 logic
 []


Overfull \hbox (16.61102pt too wide) in paragraph at lines 68--82
\OT1/cmr/bx/n/10 im-
 []


Overfull \hbox (16.61102pt too wide) in paragraph at lines 68--82
\OT1/cmr/bx/n/10 pli-
 []


Overfull \hbox (14.53462pt too wide) in paragraph at lines 68--82
\OT1/cmr/bx/n/10 ca-
 []


Overfull \hbox (24.34152pt too wide) in paragraph at lines 68--82
\OT1/cmr/bx/n/10 tions
 []


Overfull \hbox (9.26384pt too wide) in paragraph at lines 68--82
\OT1/cmr/bx/n/10 of
 []


Overfull \hbox (34.82758pt too wide) in paragraph at lines 68--82
\OT1/cmr/bx/n/10 aerosol
 []


Overfull \hbox (15.49298pt too wide) in paragraph at lines 68--82
\OT1/cmr/bx/n/10 de-
 []


Overfull \hbox (16.29158pt too wide) in paragraph at lines 68--82
\OT1/cmr/bx/n/10 po-
 []


Overfull \hbox (11.56381pt too wide) in paragraph at lines 68--82
\OT1/cmr/bx/n/10 si-
 []


Overfull \hbox (19.80545pt too wide) in paragraph at lines 68--82
\OT1/cmr/bx/n/10 tion
 []


Overfull \hbox (12.13882pt too wide) in paragraph at lines 68--82
\OT1/cmr/bx/n/10 on
 []


Overfull \hbox (24.66096pt too wide) in paragraph at lines 68--82
\OT1/cmr/bx/n/10 snow
 []


Overfull \hbox (9.58328pt too wide) in paragraph at lines 68--82
\OT1/cmr/bx/n/10 in
 []


Overfull \hbox (24.3332pt too wide) in paragraph at lines 68--82
\OT1/cmr/bx/n/10 High
 []


Overfull \hbox (33.2776pt too wide) in paragraph at lines 68--82
\OT1/cmr/bx/n/10 Moun-
 []


Overfull \hbox (19.6457pt too wide) in paragraph at lines 68--82
\OT1/cmr/bx/n/10 tain
 []


Overfull \hbox (22.01512pt too wide) in paragraph at lines 68--82
\OT1/cmr/bx/n/10 Asia
 []


Overfull \hbox (23.68741pt too wide) in paragraph at lines 68--82
\OT1/cmr/bx/n/10 river
 []


Overfull \hbox (30.6345pt too wide) in paragraph at lines 68--82
\OT1/cmr/bx/n/10 basins
 []


Overfull \hbox (15.86655pt too wide) in paragraph at lines 68--82
\OT1/cmr/m/it/10 Hy-
 []


Overfull \hbox (20.06096pt too wide) in paragraph at lines 68--82
\OT1/cmr/m/it/10 drol-
 []


Overfull \hbox (14.05544pt too wide) in paragraph at lines 68--82
\OT1/cmr/m/it/10 ogy
 []


Overfull \hbox (15.84436pt too wide) in paragraph at lines 68--82
\OT1/cmr/m/it/10 and
 []


Overfull \hbox (24.54428pt too wide) in paragraph at lines 68--82
\OT1/cmr/m/it/10 Earth
 []


Overfull \hbox (18.14432pt too wide) in paragraph at lines 68--82
\OT1/cmr/m/it/10 Sys-
 []


Overfull \hbox (16.09988pt too wide) in paragraph at lines 68--82
\OT1/cmr/m/it/10 tem
 []


Overfull \hbox (16.86655pt too wide) in paragraph at lines 68--82
\OT1/cmr/m/it/10 Sci-
 []


Overfull \hbox (22.99982pt too wide) in paragraph at lines 68--82
\OT1/cmr/m/it/10 ences
 []


Overfull \hbox (8.30551pt too wide) in paragraph at lines 68--82
\OT1/cmr/bx/n/10 C
 []


Overfull \hbox (23.9582pt too wide) in paragraph at lines 68--82
\OT1/cmr/bx/n/10 Roy-
 []


Overfull \hbox (33.54149pt too wide) in paragraph at lines 68--82
\OT1/cmr/bx/n/10 choud-
 []


Overfull \hbox (23.26378pt too wide) in paragraph at lines 68--82
\OT1/cmr/bx/n/10 hury
 []


Overfull \hbox (18.65405pt too wide) in paragraph at lines 68--82
\OT1/cmr/bx/n/10 Use
 []


Overfull \hbox (9.26384pt too wide) in paragraph at lines 68--82
\OT1/cmr/bx/n/10 of
 []


Overfull \hbox (30.96513pt too wide) in paragraph at lines 68--82
\OT1/cmr/bx/n/10 Power
 []


Overfull \hbox (27.31236pt too wide) in paragraph at lines 68--82
\OT1/cmr/bx/n/10 Spec-
 []


Overfull \hbox (17.99295pt too wide) in paragraph at lines 68--82
\OT1/cmr/bx/n/10 tral
 []


Overfull \hbox (27.70122pt too wide) in paragraph at lines 68--82
\OT1/cmr/bx/n/10 Anal-
 []


Overfull \hbox (9.90273pt too wide) in paragraph at lines 68--82
\OT1/cmr/bx/n/10 y-
 []


Overfull \hbox (12.26657pt too wide) in paragraph at lines 68--82
\OT1/cmr/bx/n/10 sis
 []


Overfull \hbox (18.36794pt too wide) in paragraph at lines 68--82
\OT1/cmr/bx/n/10 and
 []


Overfull \hbox (27.98596pt too wide) in paragraph at lines 68--82
\OT1/cmr/bx/n/10 Dom-
 []


Overfull \hbox (7.02774pt too wide) in paragraph at lines 68--82
\OT1/cmr/bx/n/10 i-
 []


Overfull \hbox (22.52069pt too wide) in paragraph at lines 68--82
\OT1/cmr/bx/n/10 nant
 []


Overfull \hbox (26.04848pt too wide) in paragraph at lines 68--82
\OT1/cmr/bx/n/10 Time
 []


Overfull \hbox (30.09148pt too wide) in paragraph at lines 68--82
\OT1/cmr/bx/n/10 Scales
 []


Overfull \hbox (10.22217pt too wide) in paragraph at lines 68--82
\OT1/cmr/bx/n/10 to
 []


Overfull \hbox (14.58325pt too wide) in paragraph at lines 68--82
\OT1/cmr/bx/n/10 In-
 []


Overfull \hbox (19.39017pt too wide) in paragraph at lines 68--82
\OT1/cmr/bx/n/10 ves-
 []


Overfull \hbox (11.49994pt too wide) in paragraph at lines 68--82
\OT1/cmr/bx/n/10 ti-
 []


Overfull \hbox (21.0832pt too wide) in paragraph at lines 68--82
\OT1/cmr/bx/n/10 gate
 []


Overfull \hbox (21.0832pt too wide) in paragraph at lines 68--82
\OT1/cmr/bx/n/10 Sea-
 []


Overfull \hbox (25.45955pt too wide) in paragraph at lines 68--82
\OT1/cmr/bx/n/10 sonal
 []


Overfull \hbox (18.36794pt too wide) in paragraph at lines 68--82
\OT1/cmr/bx/n/10 and
 []


Overfull \hbox (28.63873pt too wide) in paragraph at lines 68--82
\OT1/cmr/bx/n/10 Long-
 []


Overfull \hbox (26.63182pt too wide) in paragraph at lines 68--82
\OT1/cmr/bx/n/10 Term
 []


Overfull \hbox (25.09013pt too wide) in paragraph at lines 68--82
\OT1/cmr/bx/n/10 Vari-
 []


Overfull \hbox (22.20125pt too wide) in paragraph at lines 68--82
\OT1/cmr/bx/n/10 abil-
 []


Overfull \hbox (13.4166pt too wide) in paragraph at lines 68--82
\OT1/cmr/bx/n/10 ity
 []


Overfull \hbox (9.26384pt too wide) in paragraph at lines 68--82
\OT1/cmr/bx/n/10 of
 []


Overfull \hbox (16.68047pt too wide) in paragraph at lines 68--82
\OT1/cmr/bx/n/10 At-
 []


Overfull \hbox (19.16656pt too wide) in paragraph at lines 68--82
\OT1/cmr/bx/n/10 mo-
 []


Overfull \hbox (35.6262pt too wide) in paragraph at lines 68--82
\OT1/cmr/bx/n/10 spheric
 []


Overfull \hbox (27.47208pt too wide) in paragraph at lines 68--82
\OT1/cmr/bx/n/10 Com-
 []


Overfull \hbox (16.29158pt too wide) in paragraph at lines 68--82
\OT1/cmr/bx/n/10 po-
 []


Overfull \hbox (11.56381pt too wide) in paragraph at lines 68--82
\OT1/cmr/bx/n/10 si-
 []


Overfull \hbox (19.80545pt too wide) in paragraph at lines 68--82
\OT1/cmr/bx/n/10 tion
 []


Overfull \hbox (8.30551pt too wide) in paragraph at lines 68--82
[]\OT1/cmr/bx/n/10 C
 []


Overfull \hbox (23.9582pt too wide) in paragraph at lines 68--82
\OT1/cmr/bx/n/10 Roy-
 []


Overfull \hbox (33.54149pt too wide) in paragraph at lines 68--82
\OT1/cmr/bx/n/10 choud-
 []


Overfull \hbox (23.26378pt too wide) in paragraph at lines 68--82
\OT1/cmr/bx/n/10 hury
 []


Overfull \hbox (55.84692pt too wide) in paragraph at lines 68--82
\OT1/cmr/bx/n/10 MATCHA,
 []


Overfull \hbox (31.84012pt too wide) in paragraph at lines 68--82
\OT1/cmr/bx/n/10 Model
 []


Overfull \hbox (13.99994pt too wide) in paragraph at lines 68--82
\OT1/cmr/bx/n/10 for
 []


Overfull \hbox (16.68047pt too wide) in paragraph at lines 68--82
\OT1/cmr/bx/n/10 At-
 []


Overfull \hbox (19.16656pt too wide) in paragraph at lines 68--82
\OT1/cmr/bx/n/10 mo-
 []


Overfull \hbox (35.6262pt too wide) in paragraph at lines 68--82
\OT1/cmr/bx/n/10 spheric
 []


Overfull \hbox (32.12619pt too wide) in paragraph at lines 68--82
\OT1/cmr/bx/n/10 Trans-
 []


Overfull \hbox (21.66656pt too wide) in paragraph at lines 68--82
\OT1/cmr/bx/n/10 port
 []


Overfull \hbox (18.36794pt too wide) in paragraph at lines 68--82
\OT1/cmr/bx/n/10 and
 []


Overfull \hbox (33.38177pt too wide) in paragraph at lines 68--82
\OT1/cmr/bx/n/10 Chem-
 []


Overfull \hbox (23.00821pt too wide) in paragraph at lines 68--82
\OT1/cmr/bx/n/10 istry
 []


Overfull \hbox (9.58328pt too wide) in paragraph at lines 68--82
\OT1/cmr/bx/n/10 in
 []


Overfull \hbox (25.20955pt too wide) in paragraph at lines 68--82
\OT1/cmr/bx/n/10 Asia,
 []


Overfull \hbox (5.59023pt too wide) in paragraph at lines 68--82
\OT1/cmr/bx/n/10 a
 []


Overfull \hbox (26.03459pt too wide) in paragraph at lines 68--82
\OT1/cmr/bx/n/10 novel
 []


Overfull \hbox (13.84023pt too wide) in paragraph at lines 68--82
\OT1/cmr/bx/n/10 re-
 []


Overfull \hbox (29.86787pt too wide) in paragraph at lines 68--82
\OT1/cmr/bx/n/10 gional
 []


Overfull \hbox (40.24977pt too wide) in paragraph at lines 68--82
\OT1/cmr/bx/n/10 climate-
 []


Overfull \hbox (43.12476pt too wide) in paragraph at lines 68--82
\OT1/cmr/bx/n/10 chemical
 []


Overfull \hbox (13.84023pt too wide) in paragraph at lines 68--82
\OT1/cmr/bx/n/10 re-
 []


Overfull \hbox (24.59705pt too wide) in paragraph at lines 68--82
\OT1/cmr/bx/n/10 anal-
 []


Overfull \hbox (9.90273pt too wide) in paragraph at lines 68--82
\OT1/cmr/bx/n/10 y-
 []


Overfull \hbox (15.461pt too wide) in paragraph at lines 68--82
\OT1/cmr/bx/n/10 sis.
 []


Overfull \hbox (22.34015pt too wide) in paragraph at lines 68--82
\OT1/cmr/bx/n/10 Part
 []


Overfull \hbox (8.9444pt too wide) in paragraph at lines 68--82
\OT1/cmr/bx/n/10 1:
 []


Overfull \hbox (20.82765pt too wide) in paragraph at lines 68--82
\OT1/cmr/bx/n/10 Sys-
 []


Overfull \hbox (19.3263pt too wide) in paragraph at lines 68--82
\OT1/cmr/bx/n/10 tem
 []


Overfull \hbox (15.49298pt too wide) in paragraph at lines 68--82
\OT1/cmr/bx/n/10 de-
 []


Overfull \hbox (27.79985pt too wide) in paragraph at lines 68--82
\OT1/cmr/bx/n/10 scrip-
 []


Overfull \hbox (19.80545pt too wide) in paragraph at lines 68--82
\OT1/cmr/bx/n/10 tion
 []


Overfull \hbox (18.36794pt too wide) in paragraph at lines 68--82
\OT1/cmr/bx/n/10 and
 []


Overfull \hbox (16.61102pt too wide) in paragraph at lines 68--82
\OT1/cmr/bx/n/10 ini-
 []


Overfull \hbox (16.45128pt too wide) in paragraph at lines 68--82
\OT1/cmr/bx/n/10 tial
 []


Overfull \hbox (23.3193pt too wide) in paragraph at lines 68--82
\OT1/cmr/bx/n/10 eval-
 []


Overfull \hbox (10.22217pt too wide) in paragraph at lines 68--82
\OT1/cmr/bx/n/10 u-
 []


Overfull \hbox (9.42354pt too wide) in paragraph at lines 68--82
\OT1/cmr/bx/n/10 a-
 []


Overfull \hbox (19.80545pt too wide) in paragraph at lines 68--82
\OT1/cmr/bx/n/10 tion
 []


Overfull \hbox (24.54428pt too wide) in paragraph at lines 68--82
\OT1/cmr/m/it/10 Earth
 []


Overfull \hbox (18.14432pt too wide) in paragraph at lines 68--82
\OT1/cmr/m/it/10 Sys-
 []


Overfull \hbox (16.09988pt too wide) in paragraph at lines 68--82
\OT1/cmr/m/it/10 tem
 []


Overfull \hbox (16.86655pt too wide) in paragraph at lines 68--82
\OT1/cmr/m/it/10 Sci-
 []


Overfull \hbox (18.91095pt too wide) in paragraph at lines 68--82
\OT1/cmr/m/it/10 ence
 []


Overfull \hbox (21.0943pt too wide) in paragraph at lines 68--82
\OT1/cmr/m/it/10 Data
 []


Overfull \hbox (8.30551pt too wide) in paragraph at lines 68--82
[]\OT1/cmr/bx/n/10 C
 []


Overfull \hbox (23.9582pt too wide) in paragraph at lines 68--82
\OT1/cmr/bx/n/10 Roy-
 []


Overfull \hbox (33.54149pt too wide) in paragraph at lines 68--82
\OT1/cmr/bx/n/10 choud-
 []


Overfull \hbox (23.26378pt too wide) in paragraph at lines 68--82
\OT1/cmr/bx/n/10 hury
 []


Overfull \hbox (17.72908pt too wide) in paragraph at lines 68--82
\OT1/cmr/bx/n/10 Re-
 []


Overfull \hbox (17.63322pt too wide) in paragraph at lines 68--82
\OT1/cmr/bx/n/10 vis-
 []


Overfull \hbox (11.49994pt too wide) in paragraph at lines 68--82
\OT1/cmr/bx/n/10 it-
 []


Overfull \hbox (15.33325pt too wide) in paragraph at lines 68--82
\OT1/cmr/bx/n/10 ing
 []


Overfull \hbox (27.82622pt too wide) in paragraph at lines 68--82
\OT1/cmr/bx/n/10 Black
 []


Overfull \hbox (22.46515pt too wide) in paragraph at lines 68--82
\OT1/cmr/bx/n/10 Car-
 []


Overfull \hbox (18.84712pt too wide) in paragraph at lines 68--82
\OT1/cmr/bx/n/10 bon
 []


Overfull \hbox (28.7026pt too wide) in paragraph at lines 68--82
\OT1/cmr/bx/n/10 Emis-
 []


Overfull \hbox (19.86932pt too wide) in paragraph at lines 68--82
\OT1/cmr/bx/n/10 sion
 []


Overfull \hbox (15.9249pt too wide) in paragraph at lines 68--82
\OT1/cmr/bx/n/10 Es-
 []


Overfull \hbox (11.49994pt too wide) in paragraph at lines 68--82
\OT1/cmr/bx/n/10 ti-
 []


Overfull \hbox (29.45259pt too wide) in paragraph at lines 68--82
\OT1/cmr/bx/n/10 mates
 []


Overfull \hbox (9.58328pt too wide) in paragraph at lines 68--82
\OT1/cmr/bx/n/10 in
 []


Overfull \hbox (16.13187pt too wide) in paragraph at lines 68--82
\OT1/cmr/bx/n/10 the
 []


Overfull \hbox (28.70819pt too wide) in paragraph at lines 68--82
\OT1/cmr/bx/n/10 Third
 []


Overfull \hbox (24.95126pt too wide) in paragraph at lines 68--82
\OT1/cmr/bx/n/10 Pole:
 []


Overfull \hbox (8.6944pt too wide) in paragraph at lines 68--82
\OT1/cmr/bx/n/10 A
 []


Overfull \hbox (16.0277pt too wide) in paragraph at lines 68--82
\OT1/cmr/bx/n/10 Hi-
 []


Overfull \hbox (13.84023pt too wide) in paragraph at lines 68--82
\OT1/cmr/bx/n/10 er-
 []


Overfull \hbox (14.15964pt too wide) in paragraph at lines 68--82
\OT1/cmr/bx/n/10 ar-
 []


Overfull \hbox (18.20824pt too wide) in paragraph at lines 68--82
\OT1/cmr/bx/n/10 chi-
 []


Overfull \hbox (13.89574pt too wide) in paragraph at lines 68--82
\OT1/cmr/bx/n/10 cal
 []


Overfull \hbox (44.18166pt too wide) in paragraph at lines 68--82
\OT1/cmr/bx/n/10 Bayesian
 []


Overfull \hbox (22.68044pt too wide) in paragraph at lines 68--82
\OT1/cmr/bx/n/10 Syn-
 []


Overfull \hbox (19.96518pt too wide) in paragraph at lines 68--82
\OT1/cmr/bx/n/10 the-
 []


Overfull \hbox (12.26657pt too wide) in paragraph at lines 68--82
\OT1/cmr/bx/n/10 sis
 []


Overfull \hbox (14.58325pt too wide) in paragraph at lines 68--82
\OT1/cmr/bx/n/10 In-
 []


Overfull \hbox (19.5902pt too wide) in paragraph at lines 68--82
\OT1/cmr/bx/n/10 ver-
 []


Overfull \hbox (19.86932pt too wide) in paragraph at lines 68--82
\OT1/cmr/bx/n/10 sion
 []


Overfull \hbox (21.38185pt too wide) in paragraph at lines 68--82
\OT1/cmr/bx/n/10 Per-
 []


Overfull \hbox (25.45958pt too wide) in paragraph at lines 68--82
\OT1/cmr/bx/n/10 spec-
 []


Overfull \hbox (18.68741pt too wide) in paragraph at lines 68--82
\OT1/cmr/bx/n/10 tive
 []


Overfull \hbox (15.98323pt too wide) in paragraph at lines 68--82
\OT1/cmr/m/it/10 En-
 []


Overfull \hbox (11.24435pt too wide) in paragraph at lines 68--82
\OT1/cmr/m/it/10 vi-
 []


Overfull \hbox (18.01653pt too wide) in paragraph at lines 68--82
\OT1/cmr/m/it/10 ron-
 []


Overfull \hbox (21.97763pt too wide) in paragraph at lines 68--82
\OT1/cmr/m/it/10 men-
 []


Overfull \hbox (10.98882pt too wide) in paragraph at lines 68--82
\OT1/cmr/m/it/10 tal
 []


Overfull \hbox (14.96098pt too wide) in paragraph at lines 68--82
\OT1/cmr/m/it/10 Re-
 []


Overfull \hbox (26.70534pt too wide) in paragraph at lines 68--82
\OT1/cmr/m/it/10 search
 []


Overfull \hbox (24.02206pt too wide) in paragraph at lines 68--82
\OT1/cmr/m/it/10 Com-
 []


Overfull \hbox (17.12212pt too wide) in paragraph at lines 68--82
\OT1/cmr/m/it/10 mu-
 []


Overfull \hbox (12.26659pt too wide) in paragraph at lines 68--82
\OT1/cmr/m/it/10 ni-
 []


Overfull \hbox (12.77766pt too wide) in paragraph at lines 68--82
\OT1/cmr/m/it/10 ca-
 []


Overfull \hbox (21.21098pt too wide) in paragraph at lines 68--82
\OT1/cmr/m/it/10 tions
 []


Overfull \hbox (8.30551pt too wide) in paragraph at lines 68--82
\OT1/cmr/bx/n/10 C
 []


Overfull \hbox (23.9582pt too wide) in paragraph at lines 68--82
\OT1/cmr/bx/n/10 Roy-
 []


Overfull \hbox (33.54149pt too wide) in paragraph at lines 68--82
\OT1/cmr/bx/n/10 choud-
 []


Overfull \hbox (23.26378pt too wide) in paragraph at lines 68--82
\OT1/cmr/bx/n/10 hury
 []


Overfull \hbox (25.09013pt too wide) in paragraph at lines 68--82
\OT1/cmr/bx/n/10 Vari-
 []


Overfull \hbox (22.20125pt too wide) in paragraph at lines 68--82
\OT1/cmr/bx/n/10 abil-
 []


Overfull \hbox (13.4166pt too wide) in paragraph at lines 68--82
\OT1/cmr/bx/n/10 ity
 []


Overfull \hbox (9.26384pt too wide) in paragraph at lines 68--82
\OT1/cmr/bx/n/10 of
 []


Overfull \hbox (24.34152pt too wide) in paragraph at lines 68--82
\OT1/cmr/bx/n/10 sum-
 []


Overfull \hbox (23.42351pt too wide) in paragraph at lines 68--82
\OT1/cmr/bx/n/10 mer-
 []


Overfull \hbox (22.52072pt too wide) in paragraph at lines 68--82
\OT1/cmr/bx/n/10 time
 []


Overfull \hbox (30.34708pt too wide) in paragraph at lines 68--82
\OT1/cmr/bx/n/10 North
 []


Overfull \hbox (32.1179pt too wide) in paragraph at lines 68--82
\OT1/cmr/bx/n/10 Amer-
 []


Overfull \hbox (7.02774pt too wide) in paragraph at lines 68--82
\OT1/cmr/bx/n/10 i-
 []


Overfull \hbox (17.09016pt too wide) in paragraph at lines 68--82
\OT1/cmr/bx/n/10 can
 []


Overfull \hbox (32.93733pt too wide) in paragraph at lines 68--82
\OT1/cmr/bx/n/10 Dipole
 []


Overfull \hbox (23.58322pt too wide) in paragraph at lines 68--82
\OT1/cmr/bx/n/10 from
 []


Overfull \hbox (24.54153pt too wide) in paragraph at lines 68--82
\OT1/cmr/bx/n/10 large
 []


Overfull \hbox (15.49298pt too wide) in paragraph at lines 68--82
\OT1/cmr/bx/n/10 en-
 []


Overfull \hbox (23.22348pt too wide) in paragraph at lines 68--82
\OT1/cmr/bx/n/10 sem-
 []


Overfull \hbox (14.8541pt too wide) in paragraph at lines 68--82
\OT1/cmr/bx/n/10 ble
 []


Overfull \hbox (15.33325pt too wide) in paragraph at lines 68--82
\OT1/cmr/bx/n/10 cli-
 []


Overfull \hbox (24.91652pt too wide) in paragraph at lines 68--82
\OT1/cmr/bx/n/10 mate
 []


Overfull \hbox (21.1471pt too wide) in paragraph at lines 68--82
\OT1/cmr/bx/n/10 sim-
 []


Overfull \hbox (10.22217pt too wide) in paragraph at lines 68--82
\OT1/cmr/bx/n/10 u-
 []


Overfull \hbox (12.61797pt too wide) in paragraph at lines 68--82
\OT1/cmr/bx/n/10 la-
 []


Overfull \hbox (24.34152pt too wide) in paragraph at lines 68--82
\OT1/cmr/bx/n/10 tions
 []


Overfull \hbox (8.30551pt too wide) in paragraph at lines 68--82
\OT1/cmr/bx/n/10 C
 []


Overfull \hbox (23.9582pt too wide) in paragraph at lines 68--82
\OT1/cmr/bx/n/10 Roy-
 []


Overfull \hbox (33.54149pt too wide) in paragraph at lines 68--82
\OT1/cmr/bx/n/10 choud-
 []


Overfull \hbox (23.26378pt too wide) in paragraph at lines 68--82
\OT1/cmr/bx/n/10 hury
 []


Overfull \hbox (27.96512pt too wide) in paragraph at lines 68--82
\OT1/cmr/bx/n/10 Virga
 []


Overfull \hbox (15.97214pt too wide) in paragraph at lines 68--82
\OT1/cmr/bx/n/10 ob-
 []


Overfull \hbox (31.95262pt too wide) in paragraph at lines 68--82
\OT1/cmr/bx/n/10 served
 []


Overfull \hbox (21.18741pt too wide) in paragraph at lines 68--82
\OT1/cmr/bx/n/10 over
 []


Overfull \hbox (22.154pt too wide) in paragraph at lines 68--82
\OT1/cmr/bx/n/10 East
 []


Overfull \hbox (38.50673pt too wide) in paragraph at lines 68--82
\OT1/cmr/bx/n/10 Antarc-
 []


Overfull \hbox (21.56236pt too wide) in paragraph at lines 68--82
\OT1/cmr/bx/n/10 tica:
 []


Overfull \hbox (15.08325pt too wide) in paragraph at lines 68--82
\OT1/cmr/bx/n/10 An
 []


Overfull \hbox (32.52757pt too wide) in paragraph at lines 68--82
\OT1/cmr/bx/n/10 alarm-
 []


Overfull \hbox (15.33325pt too wide) in paragraph at lines 68--82
\OT1/cmr/bx/n/10 ing
 []


Overfull \hbox (13.4166pt too wide) in paragraph at lines 68--82
\OT1/cmr/bx/n/10 in-
 []


Overfull \hbox (13.4166pt too wide) in paragraph at lines 68--82
\OT1/cmr/bx/n/10 di-
 []


Overfull \hbox (14.53462pt too wide) in paragraph at lines 68--82
\OT1/cmr/bx/n/10 ca-
 []


Overfull \hbox (19.80545pt too wide) in paragraph at lines 68--82
\OT1/cmr/bx/n/10 tion
 []


Overfull \hbox (9.26384pt too wide) in paragraph at lines 68--82
\OT1/cmr/bx/n/10 of
 []


Overfull \hbox (29.86787pt too wide) in paragraph at lines 68--82
\OT1/cmr/bx/n/10 global
 []


Overfull \hbox (31.72899pt too wide) in paragraph at lines 68--82
\OT1/cmr/bx/n/10 warm-
 []


Overfull \hbox (15.33325pt too wide) in paragraph at lines 68--82
\OT1/cmr/bx/n/10 ing
 []

! Undefined control sequence.
l.86 \section
             {\mysidestyle \textbf{\textcolor{sep}{Technical \\Skills}}}
The control sequence at the end of the top line
of your error message was never \def'ed. If you have
misspelled it (e.g., `\hobx'), type `I' and the correct
spelling (e.g., `I\hbox'). Otherwise just continue,
and I'll forget about whatever was undefined.

! Undefined control sequence.
l.86 \section{\mysidestyle
                           \textbf{\textcolor{sep}{Technical \\Skills}}}
The control sequence at the end of the top line
of your error message was never \def'ed. If you have
misspelled it (e.g., `\hobx'), type `I' and the correct
spelling (e.g., `I\hbox'). Otherwise just continue,
and I'll forget about whatever was undefined.

! Undefined control sequence.
<recently read> \textcolor 
                           
l.86 ...extbf{\textcolor{sep}{Technical \\Skills}}
                                                  }
The control sequence at the end of the top line
of your error message was never \def'ed. If you have
misspelled it (e.g., `\hobx'), type `I' and the correct
spelling (e.g., `I\hbox'). Otherwise just continue,
and I'll forget about whatever was undefined.


Overfull \hbox (83.1677pt too wide) in paragraph at lines 86--87
[]\OT1/cmr/bx/n/10 sepTechnical 
 []


Overfull \hbox (26.57762pt too wide) in paragraph at lines 86--87
\OT1/cmr/bx/n/10 Skills 
 []

! Undefined control sequence.
<recently read> \textcolor 
                           
l.88 \textbf{\emph{\textcolor{sep}{Programming}}}
                                                  \hspace{1mm} Python, GrADS...
The control sequence at the end of the top line
of your error message was never \def'ed. If you have
misspelled it (e.g., `\hobx'), type `I' and the correct
spelling (e.g., `I\hbox'). Otherwise just continue,
and I'll forget about whatever was undefined.

Missing character: There is no P in font nullfont!
Missing character: There is no y in font nullfont!
Missing character: There is no t in font nullfont!
Missing character: There is no h in font nullfont!
Missing character: There is no o in font nullfont!
Missing character: There is no n in font nullfont!
Missing character: There is no , in font nullfont!
Missing character: There is no G in font nullfont!
Missing character: There is no r in font nullfont!
Missing character: There is no A in font nullfont!
Missing character: There is no D in font nullfont!
Missing character: There is no S in font nullfont!
Missing character: There is no , in font nullfont!
Missing character: There is no I in font nullfont!
Missing character: There is no D in font nullfont!
Missing character: There is no L in font nullfont!
Missing character: There is no , in font nullfont!
Missing character: There is no M in font nullfont!
Missing character: There is no A in font nullfont!
Missing character: There is no T in font nullfont!
Missing character: There is no L in font nullfont!
Missing character: There is no A in font nullfont!
Missing character: There is no B in font nullfont!
Missing character: There is no , in font nullfont!
Missing character: There is no Q in font nullfont!
Missing character: There is no G in font nullfont!
Missing character: There is no I in font nullfont!
Missing character: There is no S in font nullfont!
Missing character: There is no / in font nullfont!
Missing character: There is no A in font nullfont!
Missing character: There is no r in font nullfont!
Missing character: There is no c in font nullfont!
Missing character: There is no G in font nullfont!
Missing character: There is no I in font nullfont!
Missing character: There is no S in font nullfont!
Missing character: There is no , in font nullfont!
Missing character: There is no P in font nullfont!
Missing character: There is no o in font nullfont!
Missing character: There is no s in font nullfont!
Missing character: There is no t in font nullfont!
Missing character: There is no g in font nullfont!
Missing character: There is no r in font nullfont!
Missing character: There is no e in font nullfont!
Missing character: There is no S in font nullfont!
Missing character: There is no Q in font nullfont!
Missing character: There is no L in font nullfont!
Missing character: There is no , in font nullfont!
Missing character: There is no L in font nullfont!
Missing character: There is no T in font nullfont!
LaTeX Font Info:    External font `cmex10' loaded for size
(Font)              <7> on input line 88.
LaTeX Font Info:    External font `cmex10' loaded for size
(Font)              <5> on input line 88.
Missing character: There is no T in font nullfont!
Missing character: There is no E in font nullfont!
Missing character: There is no X in font nullfont!
Missing character: There is no , in font nullfont!
Missing character: There is no L in font nullfont!
Missing character: There is no i in font nullfont!
Missing character: There is no n in font nullfont!
Missing character: There is no u in font nullfont!
Missing character: There is no x in font nullfont!
Missing character: There is no , in font nullfont!
Missing character: There is no H in font nullfont!
Missing character: There is no i in font nullfont!
Missing character: There is no g in font nullfont!
Missing character: There is no h in font nullfont!
Missing character: There is no - in font nullfont!
Missing character: There is no P in font nullfont!
Missing character: There is no e in font nullfont!
Missing character: There is no r in font nullfont!
Missing character: There is no f in font nullfont!
Missing character: There is no o in font nullfont!
Missing character: There is no r in font nullfont!
Missing character: There is no m in font nullfont!
Missing character: There is no a in font nullfont!
Missing character: There is no n in font nullfont!
Missing character: There is no c in font nullfont!
Missing character: There is no e in font nullfont!
Missing character: There is no C in font nullfont!
Missing character: There is no o in font nullfont!
Missing character: There is no m in font nullfont!
Missing character: There is no p in font nullfont!
Missing character: There is no u in font nullfont!
Missing character: There is no t in font nullfont!
Missing character: There is no i in font nullfont!
Missing character: There is no n in font nullfont!
Missing character: There is no g in font nullfont!
Missing character: There is no ( in font nullfont!
Missing character: There is no H in font nullfont!
Missing character: There is no P in font nullfont!
Missing character: There is no C in font nullfont!
Missing character: There is no ) in font nullfont!
Missing character: There is no . in font nullfont!
! Undefined control sequence.
<recently read> \textcolor 
                           
l.89 \textbf{\emph{\textcolor{sep}{Modeling}}}
                                               \hspace{8mm} WRF-Chem, CESM/C...
The control sequence at the end of the top line
of your error message was never \def'ed. If you have
misspelled it (e.g., `\hobx'), type `I' and the correct
spelling (e.g., `I\hbox'). Otherwise just continue,
and I'll forget about whatever was undefined.

Missing character: There is no W in font nullfont!
Missing character: There is no R in font nullfont!
Missing character: There is no F in font nullfont!
Missing character: There is no - in font nullfont!
Missing character: There is no C in font nullfont!
Missing character: There is no h in font nullfont!
Missing character: There is no e in font nullfont!
Missing character: There is no m in font nullfont!
Missing character: There is no , in font nullfont!
Missing character: There is no C in font nullfont!
Missing character: There is no E in font nullfont!
Missing character: There is no S in font nullfont!
Missing character: There is no M in font nullfont!
Missing character: There is no / in font nullfont!
Missing character: There is no C in font nullfont!
Missing character: There is no E in font nullfont!
Missing character: There is no S in font nullfont!
Missing character: There is no M in font nullfont!
Missing character: There is no - in font nullfont!
Missing character: There is no S in font nullfont!
Missing character: There is no C in font nullfont!
Missing character: There is no A in font nullfont!
Missing character: There is no M in font nullfont!
Missing character: There is no ( in font nullfont!
Missing character: There is no C in font nullfont!
Missing character: There is no o in font nullfont!
Missing character: There is no m in font nullfont!
Missing character: There is no m in font nullfont!
Missing character: There is no u in font nullfont!
Missing character: There is no n in font nullfont!
Missing character: There is no i in font nullfont!
Missing character: There is no t in font nullfont!
Missing character: There is no y in font nullfont!
Missing character: There is no E in font nullfont!
Missing character: There is no a in font nullfont!
Missing character: There is no r in font nullfont!
Missing character: There is no t in font nullfont!
Missing character: There is no h in font nullfont!
Missing character: There is no S in font nullfont!
Missing character: There is no y in font nullfont!
Missing character: There is no s in font nullfont!
Missing character: There is no t in font nullfont!
Missing character: There is no e in font nullfont!
Missing character: There is no m in font nullfont!
Missing character: There is no M in font nullfont!
Missing character: There is no o in font nullfont!
Missing character: There is no d in font nullfont!
Missing character: There is no e in font nullfont!
Missing character: There is no l in font nullfont!
Missing character: There is no ) in font nullfont!
Missing character: There is no , in font nullfont!
Missing character: There is no M in font nullfont!
Missing character: There is no P in font nullfont!
Missing character: There is no A in font nullfont!
Missing character: There is no S in font nullfont!
Missing character: There is no ( in font nullfont!
Missing character: There is no M in font nullfont!
Missing character: There is no o in font nullfont!
Missing character: There is no d in font nullfont!
Missing character: There is no e in font nullfont!
Missing character: There is no l in font nullfont!
Missing character: There is no f in font nullfont!
Missing character: There is no o in font nullfont!
Missing character: There is no r in font nullfont!
Missing character: There is no P in font nullfont!
Missing character: There is no r in font nullfont!
Missing character: There is no e in font nullfont!
Missing character: There is no d in font nullfont!
Missing character: There is no i in font nullfont!
Missing character: There is no c in font nullfont!
Missing character: There is no t in font nullfont!
Missing character: There is no i in font nullfont!
Missing character: There is no o in font nullfont!
Missing character: There is no n in font nullfont!
Missing character: There is no A in font nullfont!
Missing character: There is no c in font nullfont!
Missing character: There is no r in font nullfont!
Missing character: There is no o in font nullfont!
Missing character: There is no s in font nullfont!
Missing character: There is no s in font nullfont!
Missing character: There is no S in font nullfont!
Missing character: There is no c in font nullfont!
Missing character: There is no a in font nullfont!
Missing character: There is no l in font nullfont!
Missing character: There is no e in font nullfont!
Missing character: There is no s in font nullfont!
Missing character: There is no ) in font nullfont!
Missing character: There is no . in font nullfont!

Overfull \hbox (103.6519pt too wide) in paragraph at lines 88--90
[]\OT1/cmr/bx/it/10 sepProgramming
 []


Overfull \hbox (5.90282pt too wide) in paragraph at lines 88--90
[][]
 []


Overfull \hbox (61.72986pt too wide) in paragraph at lines 88--90
\OT1/cmr/bx/it/10 sepModeling
 []

! Undefined control sequence.
l.93 \section
             {\mysidestyle \textbf{\textcolor{sep}{Honors \\\& Awards}}}
The control sequence at the end of the top line
of your error message was never \def'ed. If you have
misspelled it (e.g., `\hobx'), type `I' and the correct
spelling (e.g., `I\hbox'). Otherwise just continue,
and I'll forget about whatever was undefined.

! Undefined control sequence.
l.93 \section{\mysidestyle
                           \textbf{\textcolor{sep}{Honors \\\& Awards}}}
The control sequence at the end of the top line
of your error message was never \def'ed. If you have
misspelled it (e.g., `\hobx'), type `I' and the correct
spelling (e.g., `I\hbox'). Otherwise just continue,
and I'll forget about whatever was undefined.

! Undefined control sequence.
<recently read> \textcolor 
                           
l.93 ...extbf{\textcolor{sep}{Honors \\\& Awards}}
                                                  }
The control sequence at the end of the top line
of your error message was never \def'ed. If you have
misspelled it (e.g., `\hobx'), type `I' and the correct
spelling (e.g., `I\hbox'). Otherwise just continue,
and I'll forget about whatever was undefined.


Overfull \hbox (72.35666pt too wide) in paragraph at lines 93--94
[]\OT1/cmr/bx/n/10 sepHonors 
 []


Overfull \hbox (8.9444pt too wide) in paragraph at lines 93--94
\OT1/cmr/bx/n/10 &
 []


Overfull \hbox (37.93172pt too wide) in paragraph at lines 93--94
\OT1/cmr/bx/n/10 Awards 
 []

Missing character: There is no [ in font nullfont!
Missing character: There is no t in font nullfont!
Missing character: There is no o in font nullfont!
Missing character: There is no p in font nullfont!
Missing character: There is no s in font nullfont!
Missing character: There is no e in font nullfont!
Missing character: There is no p in font nullfont!
Missing character: There is no = in font nullfont!
Missing character: There is no 0 in font nullfont!
Missing character: There is no . in font nullfont!
Missing character: There is no 1 in font nullfont!
Missing character: There is no p in font nullfont!
Missing character: There is no t in font nullfont!
Missing character: There is no , in font nullfont!
Missing character: There is no p in font nullfont!
Missing character: There is no a in font nullfont!
Missing character: There is no r in font nullfont!
Missing character: There is no t in font nullfont!
Missing character: There is no o in font nullfont!
Missing character: There is no p in font nullfont!
Missing character: There is no s in font nullfont!
Missing character: There is no e in font nullfont!
Missing character: There is no p in font nullfont!
Missing character: There is no = in font nullfont!
Missing character: There is no 1 in font nullfont!
Missing character: There is no p in font nullfont!
Missing character: There is no t in font nullfont!
Missing character: There is no , in font nullfont!
Missing character: There is no i in font nullfont!
Missing character: There is no t in font nullfont!
Missing character: There is no e in font nullfont!
Missing character: There is no m in font nullfont!
Missing character: There is no s in font nullfont!
Missing character: There is no e in font nullfont!
Missing character: There is no p in font nullfont!
Missing character: There is no = in font nullfont!
Missing character: There is no 0 in font nullfont!
Missing character: There is no . in font nullfont!
Missing character: There is no 1 in font nullfont!
Missing character: There is no p in font nullfont!
Missing character: There is no t in font nullfont!
Missing character: There is no , in font nullfont!
Missing character: There is no p in font nullfont!
Missing character: There is no a in font nullfont!
Missing character: There is no r in font nullfont!
Missing character: There is no s in font nullfont!
Missing character: There is no e in font nullfont!
Missing character: There is no p in font nullfont!
Missing character: There is no = in font nullfont!
Missing character: There is no 0 in font nullfont!
Missing character: There is no . in font nullfont!
Missing character: There is no 1 in font nullfont!
Missing character: There is no p in font nullfont!
Missing character: There is no t in font nullfont!
Missing character: There is no , in font nullfont!
Missing character: There is no l in font nullfont!
Missing character: There is no e in font nullfont!
Missing character: There is no f in font nullfont!
Missing character: There is no t in font nullfont!
Missing character: There is no m in font nullfont!
Missing character: There is no a in font nullfont!
Missing character: There is no r in font nullfont!
Missing character: There is no g in font nullfont!
Missing character: There is no i in font nullfont!
Missing character: There is no n in font nullfont!
Missing character: There is no = in font nullfont!
Missing character: There is no 1 in font nullfont!
Missing character: There is no 2 in font nullfont!
Missing character: There is no p in font nullfont!
Missing character: There is no t in font nullfont!
Missing character: There is no , in font nullfont!
Missing character: There is no l in font nullfont!
Missing character: There is no a in font nullfont!
Missing character: There is no b in font nullfont!
Missing character: There is no e in font nullfont!
Missing character: There is no l in font nullfont!
Missing character: There is no = in font nullfont!
! Missing number, treated as zero.
<to be read again> 
                   \c@* 
l.94 ...sep=0.1pt, leftmargin=12pt,label=\roman{*}
                                                  )]
A number should have been here; I inserted `0'.
(If you can't figure out why I needed to see a number,
look up `weird error' in the index to The TeXbook.)

Missing character: There is no ) in font nullfont!
Missing character: There is no ] in font nullfont!

! LaTeX Error: Something's wrong--perhaps a missing \item.

See the LaTeX manual or LaTeX Companion for explanation.
Type  H <return>  for immediate help.
 ...                                              
                                                  
l.95 	\item R
             ecipient of John \& Margaret Harshbarger Scholarship, Universit...

Try typing  <return>  to proceed.
If that doesn't work, type  X <return>  to quit.


! LaTeX Error: Something's wrong--perhaps a missing \item.

See the LaTeX manual or LaTeX Companion for explanation.
Type  H <return>  for immediate help.
 ...                                              
                                                  
l.95 	\item R
             ecipient of John \& Margaret Harshbarger Scholarship, Universit...

Try typing  <return>  to proceed.
If that doesn't work, type  X <return>  to quit.


! LaTeX Error: Something's wrong--perhaps a missing \item.

See the LaTeX manual or LaTeX Companion for explanation.
Type  H <return>  for immediate help.
 ...                                              
                                                  
l.95 	\item R
             ecipient of John \& Margaret Harshbarger Scholarship, Universit...

Try typing  <return>  to proceed.
If that doesn't work, type  X <return>  to quit.

Missing character: There is no R in font nullfont!
Missing character: There is no e in font nullfont!
Missing character: There is no c in font nullfont!
Missing character: There is no i in font nullfont!
Missing character: There is no p in font nullfont!
Missing character: There is no i in font nullfont!
Missing character: There is no e in font nullfont!
Missing character: There is no n in font nullfont!
Missing character: There is no t in font nullfont!
Missing character: There is no o in font nullfont!
Missing character: There is no f in font nullfont!
Missing character: There is no J in font nullfont!
Missing character: There is no o in font nullfont!
Missing character: There is no h in font nullfont!
Missing character: There is no n in font nullfont!
Missing character: There is no & in font nullfont!
Missing character: There is no M in font nullfont!
Missing character: There is no a in font nullfont!
Missing character: There is no r in font nullfont!
Missing character: There is no g in font nullfont!
Missing character: There is no a in font nullfont!
Missing character: There is no r in font nullfont!
Missing character: There is no e in font nullfont!
Missing character: There is no t in font nullfont!
Missing character: There is no H in font nullfont!
Missing character: There is no a in font nullfont!
Missing character: There is no r in font nullfont!
Missing character: There is no s in font nullfont!
Missing character: There is no h in font nullfont!
Missing character: There is no b in font nullfont!
Missing character: There is no a in font nullfont!
Missing character: There is no r in font nullfont!
Missing character: There is no g in font nullfont!
Missing character: There is no e in font nullfont!
Missing character: There is no r in font nullfont!
Missing character: There is no S in font nullfont!
Missing character: There is no c in font nullfont!
Missing character: There is no h in font nullfont!
Missing character: There is no o in font nullfont!
Missing character: There is no l in font nullfont!
Missing character: There is no a in font nullfont!
Missing character: There is no r in font nullfont!
Missing character: There is no s in font nullfont!
Missing character: There is no h in font nullfont!
Missing character: There is no i in font nullfont!
Missing character: There is no p in font nullfont!
Missing character: There is no , in font nullfont!
Missing character: There is no U in font nullfont!
Missing character: There is no n in font nullfont!
Missing character: There is no i in font nullfont!
Missing character: There is no v in font nullfont!
Missing character: There is no e in font nullfont!
Missing character: There is no r in font nullfont!
Missing character: There is no s in font nullfont!
Missing character: There is no i in font nullfont!
Missing character: There is no t in font nullfont!
Missing character: There is no y in font nullfont!
Missing character: There is no o in font nullfont!
Missing character: There is no f in font nullfont!
Missing character: There is no A in font nullfont!
Missing character: There is no r in font nullfont!
Missing character: There is no i in font nullfont!
Missing character: There is no z in font nullfont!
Missing character: There is no o in font nullfont!
Missing character: There is no n in font nullfont!
Missing character: There is no a in font nullfont!
Missing character: There is no ( in font nullfont!
Missing character: There is no 2 in font nullfont!
Missing character: There is no 0 in font nullfont!
Missing character: There is no 2 in font nullfont!
Missing character: There is no 4 in font nullfont!
Missing character: There is no ) in font nullfont!

! LaTeX Error: Something's wrong--perhaps a missing \item.

See the LaTeX manual or LaTeX Companion for explanation.
Type  H <return>  for immediate help.
 ...                                              
                                                  
l.96 	\item R
             ecipient of Sol Resnick Scholarship, University of Arizona (2023)
Try typing  <return>  to proceed.
If that doesn't work, type  X <return>  to quit.


! LaTeX Error: Something's wrong--perhaps a missing \item.

See the LaTeX manual or LaTeX Companion for explanation.
Type  H <return>  for immediate help.
 ...                                              
                                                  
l.96 	\item R
             ecipient of Sol Resnick Scholarship, University of Arizona (2023)
Try typing  <return>  to proceed.
If that doesn't work, type  X <return>  to quit.


! LaTeX Error: Something's wrong--perhaps a missing \item.

See the LaTeX manual or LaTeX Companion for explanation.
Type  H <return>  for immediate help.
 ...                                              
                                                  
l.96 	\item R
             ecipient of Sol Resnick Scholarship, University of Arizona (2023)
Try typing  <return>  to proceed.
If that doesn't work, type  X <return>  to quit.

Missing character: There is no R in font nullfont!
Missing character: There is no e in font nullfont!
Missing character: There is no c in font nullfont!
Missing character: There is no i in font nullfont!
Missing character: There is no p in font nullfont!
Missing character: There is no i in font nullfont!
Missing character: There is no e in font nullfont!
Missing character: There is no n in font nullfont!
Missing character: There is no t in font nullfont!
Missing character: There is no o in font nullfont!
Missing character: There is no f in font nullfont!
Missing character: There is no S in font nullfont!
Missing character: There is no o in font nullfont!
Missing character: There is no l in font nullfont!
Missing character: There is no R in font nullfont!
Missing character: There is no e in font nullfont!
Missing character: There is no s in font nullfont!
Missing character: There is no n in font nullfont!
Missing character: There is no i in font nullfont!
Missing character: There is no c in font nullfont!
Missing character: There is no k in font nullfont!
Missing character: There is no S in font nullfont!
Missing character: There is no c in font nullfont!
Missing character: There is no h in font nullfont!
Missing character: There is no o in font nullfont!
Missing character: There is no l in font nullfont!
Missing character: There is no a in font nullfont!
Missing character: There is no r in font nullfont!
Missing character: There is no s in font nullfont!
Missing character: There is no h in font nullfont!
Missing character: There is no i in font nullfont!
Missing character: There is no p in font nullfont!
Missing character: There is no , in font nullfont!
Missing character: There is no U in font nullfont!
Missing character: There is no n in font nullfont!
Missing character: There is no i in font nullfont!
Missing character: There is no v in font nullfont!
Missing character: There is no e in font nullfont!
Missing character: There is no r in font nullfont!
Missing character: There is no s in font nullfont!
Missing character: There is no i in font nullfont!
Missing character: There is no t in font nullfont!
Missing character: There is no y in font nullfont!
Missing character: There is no o in font nullfont!
Missing character: There is no f in font nullfont!
Missing character: There is no A in font nullfont!
Missing character: There is no r in font nullfont!
Missing character: There is no i in font nullfont!
Missing character: There is no z in font nullfont!
Missing character: There is no o in font nullfont!
Missing character: There is no n in font nullfont!
Missing character: There is no a in font nullfont!
Missing character: There is no ( in font nullfont!
Missing character: There is no 2 in font nullfont!
Missing character: There is no 0 in font nullfont!
Missing character: There is no 2 in font nullfont!
Missing character: There is no 3 in font nullfont!
Missing character: There is no ) in font nullfont!

! LaTeX Error: Something's wrong--perhaps a missing \item.

See the LaTeX manual or LaTeX Companion for explanation.
Type  H <return>  for immediate help.
 ...                                              
                                                  
l.97 	\item R
             ecipient of Galileo Circle Scholarship, University of Arizona (...

Try typing  <return>  to proceed.
If that doesn't work, type  X <return>  to quit.


! LaTeX Error: Something's wrong--perhaps a missing \item.

See the LaTeX manual or LaTeX Companion for explanation.
Type  H <return>  for immediate help.
 ...                                              
                                                  
l.97 	\item R
             ecipient of Galileo Circle Scholarship, University of Arizona (...

Try typing  <return>  to proceed.
If that doesn't work, type  X <return>  to quit.


! LaTeX Error: Something's wrong--perhaps a missing \item.

See the LaTeX manual or LaTeX Companion for explanation.
Type  H <return>  for immediate help.
 ...                                              
                                                  
l.97 	\item R
             ecipient of Galileo Circle Scholarship, University of Arizona (...

Try typing  <return>  to proceed.
If that doesn't work, type  X <return>  to quit.

Missing character: There is no R in font nullfont!
Missing character: There is no e in font nullfont!
Missing character: There is no c in font nullfont!
Missing character: There is no i in font nullfont!
Missing character: There is no p in font nullfont!
Missing character: There is no i in font nullfont!
Missing character: There is no e in font nullfont!
Missing character: There is no n in font nullfont!
Missing character: There is no t in font nullfont!
Missing character: There is no o in font nullfont!
Missing character: There is no f in font nullfont!
Missing character: There is no G in font nullfont!
Missing character: There is no a in font nullfont!
Missing character: There is no l in font nullfont!
Missing character: There is no i in font nullfont!
Missing character: There is no l in font nullfont!
Missing character: There is no e in font nullfont!
Missing character: There is no o in font nullfont!
Missing character: There is no C in font nullfont!
Missing character: There is no i in font nullfont!
Missing character: There is no r in font nullfont!
Missing character: There is no c in font nullfont!
Missing character: There is no l in font nullfont!
Missing character: There is no e in font nullfont!
Missing character: There is no S in font nullfont!
Missing character: There is no c in font nullfont!
Missing character: There is no h in font nullfont!
Missing character: There is no o in font nullfont!
Missing character: There is no l in font nullfont!
Missing character: There is no a in font nullfont!
Missing character: There is no r in font nullfont!
Missing character: There is no s in font nullfont!
Missing character: There is no h in font nullfont!
Missing character: There is no i in font nullfont!
Missing character: There is no p in font nullfont!
Missing character: There is no , in font nullfont!
Missing character: There is no U in font nullfont!
Missing character: There is no n in font nullfont!
Missing character: There is no i in font nullfont!
Missing character: There is no v in font nullfont!
Missing character: There is no e in font nullfont!
Missing character: There is no r in font nullfont!
Missing character: There is no s in font nullfont!
Missing character: There is no i in font nullfont!
Missing character: There is no t in font nullfont!
Missing character: There is no y in font nullfont!
Missing character: There is no o in font nullfont!
Missing character: There is no f in font nullfont!
Missing character: There is no A in font nullfont!
Missing character: There is no r in font nullfont!
Missing character: There is no i in font nullfont!
Missing character: There is no z in font nullfont!
Missing character: There is no o in font nullfont!
Missing character: There is no n in font nullfont!
Missing character: There is no a in font nullfont!
Missing character: There is no ( in font nullfont!
Missing character: There is no 2 in font nullfont!
Missing character: There is no 0 in font nullfont!
Missing character: There is no 2 in font nullfont!
Missing character: There is no 2 in font nullfont!
Missing character: There is no ) in font nullfont!

! LaTeX Error: Something's wrong--perhaps a missing \item.

See the LaTeX manual or LaTeX Companion for explanation.
Type  H <return>  for immediate help.
 ...                                              
                                                  
l.98 	\item N
             SF NCAR Graduate Visitor Program (GVP) (2022)
Try typing  <return>  to proceed.
If that doesn't work, type  X <return>  to quit.


! LaTeX Error: Something's wrong--perhaps a missing \item.

See the LaTeX manual or LaTeX Companion for explanation.
Type  H <return>  for immediate help.
 ...                                              
                                                  
l.98 	\item N
             SF NCAR Graduate Visitor Program (GVP) (2022)
Try typing  <return>  to proceed.
If that doesn't work, type  X <return>  to quit.


! LaTeX Error: Something's wrong--perhaps a missing \item.

See the LaTeX manual or LaTeX Companion for explanation.
Type  H <return>  for immediate help.
 ...                                              
                                                  
l.98 	\item N
             SF NCAR Graduate Visitor Program (GVP) (2022)
Try typing  <return>  to proceed.
If that doesn't work, type  X <return>  to quit.

Missing character: There is no N in font nullfont!
Missing character: There is no S in font nullfont!
Missing character: There is no F in font nullfont!
Missing character: There is no N in font nullfont!
Missing character: There is no C in font nullfont!
Missing character: There is no A in font nullfont!
Missing character: There is no R in font nullfont!
Missing character: There is no G in font nullfont!
Missing character: There is no r in font nullfont!
Missing character: There is no a in font nullfont!
Missing character: There is no d in font nullfont!
Missing character: There is no u in font nullfont!
Missing character: There is no a in font nullfont!
Missing character: There is no t in font nullfont!
Missing character: There is no e in font nullfont!
Missing character: There is no V in font nullfont!
Missing character: There is no i in font nullfont!
Missing character: There is no s in font nullfont!
Missing character: There is no i in font nullfont!
Missing character: There is no t in font nullfont!
Missing character: There is no o in font nullfont!
Missing character: There is no r in font nullfont!
Missing character: There is no P in font nullfont!
Missing character: There is no r in font nullfont!
Missing character: There is no o in font nullfont!
Missing character: There is no g in font nullfont!
Missing character: There is no r in font nullfont!
Missing character: There is no a in font nullfont!
Missing character: There is no m in font nullfont!
Missing character: There is no ( in font nullfont!
Missing character: There is no G in font nullfont!
Missing character: There is no V in font nullfont!
Missing character: There is no P in font nullfont!
Missing character: There is no ) in font nullfont!
Missing character: There is no ( in font nullfont!
Missing character: There is no 2 in font nullfont!
Missing character: There is no 0 in font nullfont!
Missing character: There is no 2 in font nullfont!
Missing character: There is no 2 in font nullfont!
Missing character: There is no ) in font nullfont!

! LaTeX Error: Something's wrong--perhaps a missing \item.

See the LaTeX manual or LaTeX Companion for explanation.
Type  H <return>  for immediate help.
 ...                                              
                                                  
l.99 	\item R
             ank 1 in MSc in Atmospheric Science, University of Calcutta; el...

Try typing  <return>  to proceed.
If that doesn't work, type  X <return>  to quit.


! LaTeX Error: Something's wrong--perhaps a missing \item.

See the LaTeX manual or LaTeX Companion for explanation.
Type  H <return>  for immediate help.
 ...                                              
                                                  
l.99 	\item R
             ank 1 in MSc in Atmospheric Science, University of Calcutta; el...

Try typing  <return>  to proceed.
If that doesn't work, type  X <return>  to quit.


! LaTeX Error: Something's wrong--perhaps a missing \item.

See the LaTeX manual or LaTeX Companion for explanation.
Type  H <return>  for immediate help.
 ...                                              
                                                  
l.99 	\item R
             ank 1 in MSc in Atmospheric Science, University of Calcutta; el...

Try typing  <return>  to proceed.
If that doesn't work, type  X <return>  to quit.

Missing character: There is no R in font nullfont!
Missing character: There is no a in font nullfont!
Missing character: There is no n in font nullfont!
Missing character: There is no k in font nullfont!
Missing character: There is no 1 in font nullfont!
Missing character: There is no i in font nullfont!
Missing character: There is no n in font nullfont!
Missing character: There is no M in font nullfont!
Missing character: There is no S in font nullfont!
Missing character: There is no c in font nullfont!
Missing character: There is no i in font nullfont!
Missing character: There is no n in font nullfont!
Missing character: There is no A in font nullfont!
Missing character: There is no t in font nullfont!
Missing character: There is no m in font nullfont!
Missing character: There is no o in font nullfont!
Missing character: There is no s in font nullfont!
Missing character: There is no p in font nullfont!
Missing character: There is no h in font nullfont!
Missing character: There is no e in font nullfont!
Missing character: There is no r in font nullfont!
Missing character: There is no i in font nullfont!
Missing character: There is no c in font nullfont!
Missing character: There is no S in font nullfont!
Missing character: There is no c in font nullfont!
Missing character: There is no i in font nullfont!
Missing character: There is no e in font nullfont!
Missing character: There is no n in font nullfont!
Missing character: There is no c in font nullfont!
Missing character: There is no e in font nullfont!
Missing character: There is no , in font nullfont!
Missing character: There is no U in font nullfont!
Missing character: There is no n in font nullfont!
Missing character: There is no i in font nullfont!
Missing character: There is no v in font nullfont!
Missing character: There is no e in font nullfont!
Missing character: There is no r in font nullfont!
Missing character: There is no s in font nullfont!
Missing character: There is no i in font nullfont!
Missing character: There is no t in font nullfont!
Missing character: There is no y in font nullfont!
Missing character: There is no o in font nullfont!
Missing character: There is no f in font nullfont!
Missing character: There is no C in font nullfont!
Missing character: There is no a in font nullfont!
Missing character: There is no l in font nullfont!
Missing character: There is no c in font nullfont!
Missing character: There is no u in font nullfont!
Missing character: There is no t in font nullfont!
Missing character: There is no t in font nullfont!
Missing character: There is no a in font nullfont!
Missing character: There is no ; in font nullfont!
Missing character: There is no e in font nullfont!
Missing character: There is no l in font nullfont!
Missing character: There is no i in font nullfont!
Missing character: There is no g in font nullfont!
Missing character: There is no i in font nullfont!
Missing character: There is no b in font nullfont!
Missing character: There is no l in font nullfont!
Missing character: There is no e in font nullfont!
Missing character: There is no f in font nullfont!
Missing character: There is no o in font nullfont!
Missing character: There is no r in font nullfont!
Missing character: There is no I in font nullfont!
Missing character: There is no N in font nullfont!
Missing character: There is no S in font nullfont!
Missing character: There is no P in font nullfont!
Missing character: There is no I in font nullfont!
Missing character: There is no R in font nullfont!
Missing character: There is no E in font nullfont!
Missing character: There is no F in font nullfont!
Missing character: There is no e in font nullfont!
Missing character: There is no l in font nullfont!
Missing character: There is no l in font nullfont!
Missing character: There is no o in font nullfont!
Missing character: There is no w in font nullfont!
Missing character: There is no s in font nullfont!
Missing character: There is no h in font nullfont!
Missing character: There is no i in font nullfont!
Missing character: There is no p in font nullfont!
Missing character: There is no u in font nullfont!
Missing character: There is no n in font nullfont!
Missing character: There is no d in font nullfont!
Missing character: There is no e in font nullfont!
Missing character: There is no r in font nullfont!
Missing character: There is no D in font nullfont!
Missing character: There is no S in font nullfont!
Missing character: There is no T in font nullfont!
Missing character: There is no , in font nullfont!
Missing character: There is no G in font nullfont!
Missing character: There is no o in font nullfont!
Missing character: There is no v in font nullfont!
Missing character: There is no e in font nullfont!
Missing character: There is no r in font nullfont!
Missing character: There is no n in font nullfont!
Missing character: There is no m in font nullfont!
Missing character: There is no e in font nullfont!
Missing character: There is no n in font nullfont!
Missing character: There is no t in font nullfont!
Missing character: There is no o in font nullfont!
Missing character: There is no f in font nullfont!
Missing character: There is no I in font nullfont!
Missing character: There is no n in font nullfont!
Missing character: There is no d in font nullfont!
Missing character: There is no i in font nullfont!
Missing character: There is no a in font nullfont!
Missing character: There is no ( in font nullfont!
Missing character: There is no 2 in font nullfont!
Missing character: There is no 0 in font nullfont!
Missing character: There is no 1 in font nullfont!
Missing character: There is no 9 in font nullfont!
Missing character: There is no ) in font nullfont!

! LaTeX Error: Something's wrong--perhaps a missing \item.

See the LaTeX manual or LaTeX Companion for explanation.
Type  H <return>  for immediate help.
 ...                                              
                                                  
l.100 \end{enumerate}
                     
Try typing  <return>  to proceed.
If that doesn't work, type  X <return>  to quit.

! Undefined control sequence.
l.106 \section
              {\mysidestyle \textbf{\textcolor{sep}{Journal Reviewer}}}
The control sequence at the end of the top line
of your error message was never \def'ed. If you have
misspelled it (e.g., `\hobx'), type `I' and the correct
spelling (e.g., `I\hbox'). Otherwise just continue,
and I'll forget about whatever was undefined.

! Undefined control sequence.
l.106 \section{\mysidestyle
                            \textbf{\textcolor{sep}{Journal Reviewer}}}
The control sequence at the end of the top line
of your error message was never \def'ed. If you have
misspelled it (e.g., `\hobx'), type `I' and the correct
spelling (e.g., `I\hbox'). Otherwise just continue,
and I'll forget about whatever was undefined.

! Undefined control sequence.
<recently read> \textcolor 
                           
l.106 ...textbf{\textcolor{sep}{Journal Reviewer}}
                                                  }
The control sequence at the end of the top line
of your error message was never \def'ed. If you have
misspelled it (e.g., `\hobx'), type `I' and the correct
spelling (e.g., `I\hbox'). Otherwise just continue,
and I'll forget about whatever was undefined.


Overfull \hbox (74.18858pt too wide) in paragraph at lines 106--107
[]\OT1/cmr/bx/n/10 sepJournal
 []


Overfull \hbox (17.72908pt too wide) in paragraph at lines 106--107
\OT1/cmr/bx/n/10 Re-
 []


Overfull \hbox (32.52763pt too wide) in paragraph at lines 106--107
\OT1/cmr/bx/n/10 viewer 
 []

Missing character: There is no [ in font nullfont!
Missing character: There is no t in font nullfont!
Missing character: There is no o in font nullfont!
Missing character: There is no p in font nullfont!
Missing character: There is no s in font nullfont!
Missing character: There is no e in font nullfont!
Missing character: There is no p in font nullfont!
Missing character: There is no = in font nullfont!
Missing character: There is no 0 in font nullfont!
Missing character: There is no . in font nullfont!
Missing character: There is no 1 in font nullfont!
Missing character: There is no p in font nullfont!
Missing character: There is no t in font nullfont!
Missing character: There is no , in font nullfont!
Missing character: There is no p in font nullfont!
Missing character: There is no a in font nullfont!
Missing character: There is no r in font nullfont!
Missing character: There is no t in font nullfont!
Missing character: There is no o in font nullfont!
Missing character: There is no p in font nullfont!
Missing character: There is no s in font nullfont!
Missing character: There is no e in font nullfont!
Missing character: There is no p in font nullfont!
Missing character: There is no = in font nullfont!
Missing character: There is no 1 in font nullfont!
Missing character: There is no p in font nullfont!
Missing character: There is no t in font nullfont!
Missing character: There is no , in font nullfont!
Missing character: There is no i in font nullfont!
Missing character: There is no t in font nullfont!
Missing character: There is no e in font nullfont!
Missing character: There is no m in font nullfont!
Missing character: There is no s in font nullfont!
Missing character: There is no e in font nullfont!
Missing character: There is no p in font nullfont!
Missing character: There is no = in font nullfont!
Missing character: There is no 0 in font nullfont!
Missing character: There is no . in font nullfont!
Missing character: There is no 1 in font nullfont!
Missing character: There is no p in font nullfont!
Missing character: There is no t in font nullfont!
Missing character: There is no , in font nullfont!
Missing character: There is no p in font nullfont!
Missing character: There is no a in font nullfont!
Missing character: There is no r in font nullfont!
Missing character: There is no s in font nullfont!
Missing character: There is no e in font nullfont!
Missing character: There is no p in font nullfont!
Missing character: There is no = in font nullfont!
Missing character: There is no 0 in font nullfont!
Missing character: There is no . in font nullfont!
Missing character: There is no 1 in font nullfont!
Missing character: There is no p in font nullfont!
Missing character: There is no t in font nullfont!
Missing character: There is no , in font nullfont!
Missing character: There is no l in font nullfont!
Missing character: There is no e in font nullfont!
Missing character: There is no f in font nullfont!
Missing character: There is no t in font nullfont!
Missing character: There is no m in font nullfont!
Missing character: There is no a in font nullfont!
Missing character: There is no r in font nullfont!
Missing character: There is no g in font nullfont!
Missing character: There is no i in font nullfont!
Missing character: There is no n in font nullfont!
Missing character: There is no = in font nullfont!
Missing character: There is no 1 in font nullfont!
Missing character: There is no 2 in font nullfont!
Missing character: There is no p in font nullfont!
Missing character: There is no t in font nullfont!
Missing character: There is no , in font nullfont!
Missing character: There is no l in font nullfont!
Missing character: There is no a in font nullfont!
Missing character: There is no b in font nullfont!
Missing character: There is no e in font nullfont!
Missing character: There is no l in font nullfont!
Missing character: There is no = in font nullfont!
! Missing number, treated as zero.
<to be read again> 
                   \c@* 
l.107 ...ep=0.1pt, leftmargin=12pt,label=\roman{*}
                                                  )]
A number should have been here; I inserted `0'.
(If you can't figure out why I needed to see a number,
look up `weird error' in the index to The TeXbook.)

Missing character: There is no ) in font nullfont!
Missing character: There is no ] in font nullfont!

! LaTeX Error: Something's wrong--perhaps a missing \item.

See the LaTeX manual or LaTeX Companion for explanation.
Type  H <return>  for immediate help.
 ...                                              
                                                  
l.108 	\item G
              eophysical Research Letters (Wiley)
Try typing  <return>  to proceed.
If that doesn't work, type  X <return>  to quit.


! LaTeX Error: Something's wrong--perhaps a missing \item.

See the LaTeX manual or LaTeX Companion for explanation.
Type  H <return>  for immediate help.
 ...                                              
                                                  
l.108 	\item G
              eophysical Research Letters (Wiley)
Try typing  <return>  to proceed.
If that doesn't work, type  X <return>  to quit.


! LaTeX Error: Something's wrong--perhaps a missing \item.

See the LaTeX manual or LaTeX Companion for explanation.
Type  H <return>  for immediate help.
 ...                                              
                                                  
l.108 	\item G
              eophysical Research Letters (Wiley)
Try typing  <return>  to proceed.
If that doesn't work, type  X <return>  to quit.

Missing character: There is no G in font nullfont!
Missing character: There is no e in font nullfont!
Missing character: There is no o in font nullfont!
Missing character: There is no p in font nullfont!
Missing character: There is no h in font nullfont!
Missing character: There is no y in font nullfont!
Missing character: There is no s in font nullfont!
Missing character: There is no i in font nullfont!
Missing character: There is no c in font nullfont!
Missing character: There is no a in font nullfont!
Missing character: There is no l in font nullfont!
Missing character: There is no R in font nullfont!
Missing character: There is no e in font nullfont!
Missing character: There is no s in font nullfont!
Missing character: There is no e in font nullfont!
Missing character: There is no a in font nullfont!
Missing character: There is no r in font nullfont!
Missing character: There is no c in font nullfont!
Missing character: There is no h in font nullfont!
Missing character: There is no L in font nullfont!
Missing character: There is no e in font nullfont!
Missing character: There is no t in font nullfont!
Missing character: There is no t in font nullfont!
Missing character: There is no e in font nullfont!
Missing character: There is no r in font nullfont!
Missing character: There is no s in font nullfont!
Missing character: There is no ( in font nullfont!
Missing character: There is no W in font nullfont!
Missing character: There is no i in font nullfont!
Missing character: There is no l in font nullfont!
Missing character: There is no e in font nullfont!
Missing character: There is no y in font nullfont!
Missing character: There is no ) in font nullfont!

! LaTeX Error: Something's wrong--perhaps a missing \item.

See the LaTeX manual or LaTeX Companion for explanation.
Type  H <return>  for immediate help.
 ...                                              
                                                  
l.109 	\item T
              heoretical and Applied Climatology (Springer)
Try typing  <return>  to proceed.
If that doesn't work, type  X <return>  to quit.


! LaTeX Error: Something's wrong--perhaps a missing \item.

See the LaTeX manual or LaTeX Companion for explanation.
Type  H <return>  for immediate help.
 ...                                              
                                                  
l.109 	\item T
              heoretical and Applied Climatology (Springer)
Try typing  <return>  to proceed.
If that doesn't work, type  X <return>  to quit.


! LaTeX Error: Something's wrong--perhaps a missing \item.

See the LaTeX manual or LaTeX Companion for explanation.
Type  H <return>  for immediate help.
 ...                                              
                                                  
l.109 	\item T
              heoretical and Applied Climatology (Springer)
Try typing  <return>  to proceed.
If that doesn't work, type  X <return>  to quit.

Missing character: There is no T in font nullfont!
Missing character: There is no h in font nullfont!
Missing character: There is no e in font nullfont!
Missing character: There is no o in font nullfont!
Missing character: There is no r in font nullfont!
Missing character: There is no e in font nullfont!
Missing character: There is no t in font nullfont!
Missing character: There is no i in font nullfont!
Missing character: There is no c in font nullfont!
Missing character: There is no a in font nullfont!
Missing character: There is no l in font nullfont!
Missing character: There is no a in font nullfont!
Missing character: There is no n in font nullfont!
Missing character: There is no d in font nullfont!
Missing character: There is no A in font nullfont!
Missing character: There is no p in font nullfont!
Missing character: There is no p in font nullfont!
Missing character: There is no l in font nullfont!
Missing character: There is no i in font nullfont!
Missing character: There is no e in font nullfont!
Missing character: There is no d in font nullfont!
Missing character: There is no C in font nullfont!
Missing character: There is no l in font nullfont!
Missing character: There is no i in font nullfont!
Missing character: There is no m in font nullfont!
Missing character: There is no a in font nullfont!
Missing character: There is no t in font nullfont!
Missing character: There is no o in font nullfont!
Missing character: There is no l in font nullfont!
Missing character: There is no o in font nullfont!
Missing character: There is no g in font nullfont!
Missing character: There is no y in font nullfont!
Missing character: There is no ( in font nullfont!
Missing character: There is no S in font nullfont!
Missing character: There is no p in font nullfont!
Missing character: There is no r in font nullfont!
Missing character: There is no i in font nullfont!
Missing character: There is no n in font nullfont!
Missing character: There is no g in font nullfont!
Missing character: There is no e in font nullfont!
Missing character: There is no r in font nullfont!
Missing character: There is no ) in font nullfont!

! LaTeX Error: Something's wrong--perhaps a missing \item.

See the LaTeX manual or LaTeX Companion for explanation.
Type  H <return>  for immediate help.
 ...                                              
                                                  
l.110 	\item E
              nvironmental Monitoring and Assessment (Springer)
Try typing  <return>  to proceed.
If that doesn't work, type  X <return>  to quit.


! LaTeX Error: Something's wrong--perhaps a missing \item.

See the LaTeX manual or LaTeX Companion for explanation.
Type  H <return>  for immediate help.
 ...                                              
                                                  
l.110 	\item E
              nvironmental Monitoring and Assessment (Springer)
Try typing  <return>  to proceed.
If that doesn't work, type  X <return>  to quit.


! LaTeX Error: Something's wrong--perhaps a missing \item.

See the LaTeX manual or LaTeX Companion for explanation.
Type  H <return>  for immediate help.
 ...                                              
                                                  
l.110 	\item E
              nvironmental Monitoring and Assessment (Springer)
Try typing  <return>  to proceed.
If that doesn't work, type  X <return>  to quit.

Missing character: There is no E in font nullfont!
Missing character: There is no n in font nullfont!
Missing character: There is no v in font nullfont!
Missing character: There is no i in font nullfont!
Missing character: There is no r in font nullfont!
Missing character: There is no o in font nullfont!
Missing character: There is no n in font nullfont!
Missing character: There is no m in font nullfont!
Missing character: There is no e in font nullfont!
Missing character: There is no n in font nullfont!
Missing character: There is no t in font nullfont!
Missing character: There is no a in font nullfont!
Missing character: There is no l in font nullfont!
Missing character: There is no M in font nullfont!
Missing character: There is no o in font nullfont!
Missing character: There is no n in font nullfont!
Missing character: There is no i in font nullfont!
Missing character: There is no t in font nullfont!
Missing character: There is no o in font nullfont!
Missing character: There is no r in font nullfont!
Missing character: There is no i in font nullfont!
Missing character: There is no n in font nullfont!
Missing character: There is no g in font nullfont!
Missing character: There is no a in font nullfont!
Missing character: There is no n in font nullfont!
Missing character: There is no d in font nullfont!
Missing character: There is no A in font nullfont!
Missing character: There is no s in font nullfont!
Missing character: There is no s in font nullfont!
Missing character: There is no e in font nullfont!
Missing character: There is no s in font nullfont!
Missing character: There is no s in font nullfont!
Missing character: There is no m in font nullfont!
Missing character: There is no e in font nullfont!
Missing character: There is no n in font nullfont!
Missing character: There is no t in font nullfont!
Missing character: There is no ( in font nullfont!
Missing character: There is no S in font nullfont!
Missing character: There is no p in font nullfont!
Missing character: There is no r in font nullfont!
Missing character: There is no i in font nullfont!
Missing character: There is no n in font nullfont!
Missing character: There is no g in font nullfont!
Missing character: There is no e in font nullfont!
Missing character: There is no r in font nullfont!
Missing character: There is no ) in font nullfont!

! LaTeX Error: Something's wrong--perhaps a missing \item.

See the LaTeX manual or LaTeX Companion for explanation.
Type  H <return>  for immediate help.
 ...                                              
                                                  
l.111 	\item J
              ournal of Applied Meteorology and Climatology (AMS)
Try typing  <return>  to proceed.
If that doesn't work, type  X <return>  to quit.


! LaTeX Error: Something's wrong--perhaps a missing \item.

See the LaTeX manual or LaTeX Companion for explanation.
Type  H <return>  for immediate help.
 ...                                              
                                                  
l.111 	\item J
              ournal of Applied Meteorology and Climatology (AMS)
Try typing  <return>  to proceed.
If that doesn't work, type  X <return>  to quit.


! LaTeX Error: Something's wrong--perhaps a missing \item.

See the LaTeX manual or LaTeX Companion for explanation.
Type  H <return>  for immediate help.
 ...                                              
                                                  
l.111 	\item J
              ournal of Applied Meteorology and Climatology (AMS)
Try typing  <return>  to proceed.
If that doesn't work, type  X <return>  to quit.

Missing character: There is no J in font nullfont!
Missing character: There is no o in font nullfont!
Missing character: There is no u in font nullfont!
Missing character: There is no r in font nullfont!
Missing character: There is no n in font nullfont!
Missing character: There is no a in font nullfont!
Missing character: There is no l in font nullfont!
Missing character: There is no o in font nullfont!
Missing character: There is no f in font nullfont!
Missing character: There is no A in font nullfont!
Missing character: There is no p in font nullfont!
Missing character: There is no p in font nullfont!
Missing character: There is no l in font nullfont!
Missing character: There is no i in font nullfont!
Missing character: There is no e in font nullfont!
Missing character: There is no d in font nullfont!
Missing character: There is no M in font nullfont!
Missing character: There is no e in font nullfont!
Missing character: There is no t in font nullfont!
Missing character: There is no e in font nullfont!
Missing character: There is no o in font nullfont!
Missing character: There is no r in font nullfont!
Missing character: There is no o in font nullfont!
Missing character: There is no l in font nullfont!
Missing character: There is no o in font nullfont!
Missing character: There is no g in font nullfont!
Missing character: There is no y in font nullfont!
Missing character: There is no a in font nullfont!
Missing character: There is no n in font nullfont!
Missing character: There is no d in font nullfont!
Missing character: There is no C in font nullfont!
Missing character: There is no l in font nullfont!
Missing character: There is no i in font nullfont!
Missing character: There is no m in font nullfont!
Missing character: There is no a in font nullfont!
Missing character: There is no t in font nullfont!
Missing character: There is no o in font nullfont!
Missing character: There is no l in font nullfont!
Missing character: There is no o in font nullfont!
Missing character: There is no g in font nullfont!
Missing character: There is no y in font nullfont!
Missing character: There is no ( in font nullfont!
Missing character: There is no A in font nullfont!
Missing character: There is no M in font nullfont!
Missing character: There is no S in font nullfont!
Missing character: There is no ) in font nullfont!

! LaTeX Error: Something's wrong--perhaps a missing \item.

See the LaTeX manual or LaTeX Companion for explanation.
Type  H <return>  for immediate help.
 ...                                              
                                                  
l.112 	\item N
              ature Communications (Springer)
Try typing  <return>  to proceed.
If that doesn't work, type  X <return>  to quit.


! LaTeX Error: Something's wrong--perhaps a missing \item.

See the LaTeX manual or LaTeX Companion for explanation.
Type  H <return>  for immediate help.
 ...                                              
                                                  
l.112 	\item N
              ature Communications (Springer)
Try typing  <return>  to proceed.
If that doesn't work, type  X <return>  to quit.


! LaTeX Error: Something's wrong--perhaps a missing \item.

See the LaTeX manual or LaTeX Companion for explanation.
Type  H <return>  for immediate help.
 ...                                              
                                                  
l.112 	\item N
              ature Communications (Springer)
Try typing  <return>  to proceed.
If that doesn't work, type  X <return>  to quit.

Missing character: There is no N in font nullfont!
Missing character: There is no a in font nullfont!
Missing character: There is no t in font nullfont!
Missing character: There is no u in font nullfont!
Missing character: There is no r in font nullfont!
Missing character: There is no e in font nullfont!
Missing character: There is no C in font nullfont!
Missing character: There is no o in font nullfont!
Missing character: There is no m in font nullfont!
Missing character: There is no m in font nullfont!
Missing character: There is no u in font nullfont!
Missing character: There is no n in font nullfont!
Missing character: There is no i in font nullfont!
Missing character: There is no c in font nullfont!
Missing character: There is no a in font nullfont!
Missing character: There is no t in font nullfont!
Missing character: There is no i in font nullfont!
Missing character: There is no o in font nullfont!
Missing character: There is no n in font nullfont!
Missing character: There is no s in font nullfont!
Missing character: There is no ( in font nullfont!
Missing character: There is no S in font nullfont!
Missing character: There is no p in font nullfont!
Missing character: There is no r in font nullfont!
Missing character: There is no i in font nullfont!
Missing character: There is no n in font nullfont!
Missing character: There is no g in font nullfont!
Missing character: There is no e in font nullfont!
Missing character: There is no r in font nullfont!
Missing character: There is no ) in font nullfont!

! LaTeX Error: Something's wrong--perhaps a missing \item.

See the LaTeX manual or LaTeX Companion for explanation.
Type  H <return>  for immediate help.
 ...                                              
                                                  
l.113 	\item E
              nvironmental Research Communications (IOP)
Try typing  <return>  to proceed.
If that doesn't work, type  X <return>  to quit.


! LaTeX Error: Something's wrong--perhaps a missing \item.

See the LaTeX manual or LaTeX Companion for explanation.
Type  H <return>  for immediate help.
 ...                                              
                                                  
l.113 	\item E
              nvironmental Research Communications (IOP)
Try typing  <return>  to proceed.
If that doesn't work, type  X <return>  to quit.


! LaTeX Error: Something's wrong--perhaps a missing \item.

See the LaTeX manual or LaTeX Companion for explanation.
Type  H <return>  for immediate help.
 ...                                              
                                                  
l.113 	\item E
              nvironmental Research Communications (IOP)
Try typing  <return>  to proceed.
If that doesn't work, type  X <return>  to quit.

Missing character: There is no E in font nullfont!
Missing character: There is no n in font nullfont!
Missing character: There is no v in font nullfont!
Missing character: There is no i in font nullfont!
Missing character: There is no r in font nullfont!
Missing character: There is no o in font nullfont!
Missing character: There is no n in font nullfont!
Missing character: There is no m in font nullfont!
Missing character: There is no e in font nullfont!
Missing character: There is no n in font nullfont!
Missing character: There is no t in font nullfont!
Missing character: There is no a in font nullfont!
Missing character: There is no l in font nullfont!
Missing character: There is no R in font nullfont!
Missing character: There is no e in font nullfont!
Missing character: There is no s in font nullfont!
Missing character: There is no e in font nullfont!
Missing character: There is no a in font nullfont!
Missing character: There is no r in font nullfont!
Missing character: There is no c in font nullfont!
Missing character: There is no h in font nullfont!
Missing character: There is no C in font nullfont!
Missing character: There is no o in font nullfont!
Missing character: There is no m in font nullfont!
Missing character: There is no m in font nullfont!
Missing character: There is no u in font nullfont!
Missing character: There is no n in font nullfont!
Missing character: There is no i in font nullfont!
Missing character: There is no c in font nullfont!
Missing character: There is no a in font nullfont!
Missing character: There is no t in font nullfont!
Missing character: There is no i in font nullfont!
Missing character: There is no o in font nullfont!
Missing character: There is no n in font nullfont!
Missing character: There is no s in font nullfont!
Missing character: There is no ( in font nullfont!
Missing character: There is no I in font nullfont!
Missing character: There is no O in font nullfont!
Missing character: There is no P in font nullfont!
Missing character: There is no ) in font nullfont!

! LaTeX Error: Something's wrong--perhaps a missing \item.

See the LaTeX manual or LaTeX Companion for explanation.
Type  H <return>  for immediate help.
 ...                                              
                                                  
l.114 \end{enumerate}
                     
Try typing  <return>  to proceed.
If that doesn't work, type  X <return>  to quit.

)
! Emergency stop.
<*> CV_CR_NEW.tex
                 
*** (job aborted, no legal \end found)

 
Here is how much of TeX's memory you used:
 42 strings out of 480608
 625 string characters out of 5903631
 255610 words of memory out of 5000000
 16029 multiletter control sequences out of 15000+600000
 533351 words of font info for 27 fonts, out of 8000000 for 9000
 1141 hyphenation exceptions out of 8191
 17i,4n,16p,599b,156s stack positions out of 5000i,500n,10000p,200000b,80000s
!  ==> Fatal error occurred, no output PDF file produced!
